VHI_Parea data for UKR  Province= 24: Vinnytsya,  from 1981 to 2018<br>The data below were extracted from weekly files like: ../NPP_VH/4km/ts_L1_v1/ByWeek/VHP_L1_VHI_Parea_201301.txt<br><tt><pre>year,week,, provinceID, 0, 5, 10, 15, 20, 25, 30, 35, 40, 45, 50, 55, 60, 65, 70, 75, 80, 85, 90, 95,100
2013 01   0.00,  0.00,  0.00,  0.09,  0.38,  1.71,  3.50,  7.44, 11.67, 11.58, 19.70, 26.50, 11.71,  4.27,  1.15,  0.26,  0.04,  0.00,  0.00,  0.00,  0.00
2013 02   0.00,  0.00,  0.00,  0.00,  0.13,  0.73,  2.52,  5.98, 10.60, 13.03, 18.12, 26.75, 16.07,  4.15,  1.50,  0.38,  0.04,  0.00,  0.00,  0.00,  0.00
2013 03   0.00,  0.00,  0.00,  0.00,  0.00,  0.21,  0.81,  3.97,  7.09, 12.18, 15.98, 26.58, 23.12,  7.86,  1.92,  0.26,  0.00,  0.00,  0.00,  0.00,  0.00
2013 04   0.00,  0.00,  0.00,  0.00,  0.00,  0.21,  0.73,  4.23,  8.21, 12.61, 16.28, 23.85, 22.86,  9.57,  1.37,  0.09,  0.00,  0.00,  0.00,  0.00,  0.00
2013 05   0.00,  0.00,  0.00,  0.00,  0.00,  0.17,  1.79,  5.26, 11.50, 18.55, 17.74, 20.26, 17.61,  6.24,  0.85,  0.04,  0.00,  0.00,  0.00,  0.00,  0.00
2013 06   0.00,  0.00,  0.00,  0.00,  0.00,  0.34,  1.79,  7.35, 17.18, 23.72, 20.51, 15.13, 10.13,  2.95,  0.81,  0.09,  0.00,  0.00,  0.00,  0.00,  0.00
2013 07   0.00,  0.00,  0.00,  0.00,  0.09,  0.43,  2.91, 11.24, 21.58, 27.69, 18.08, 11.45,  5.17,  0.98,  0.26,  0.09,  0.04,  0.00,  0.00,  0.00,  0.00
2013 08   0.00,  0.00,  0.00,  0.04,  0.04,  0.56,  2.65, 11.32, 23.03, 27.99, 18.55, 10.17,  4.10,  1.37,  0.17,  0.00,  0.00,  0.00,  0.00,  0.00,  0.00
2013 09   0.00,  0.00,  0.00,  0.00,  0.09,  0.17,  1.54,  7.52, 17.05, 26.11, 22.18, 15.56,  7.01,  2.09,  0.60,  0.09,  0.00,  0.00,  0.00,  0.00,  0.00
2013 10   0.00,  0.00,  0.00,  0.00,  0.04,  0.30,  1.07,  5.38, 15.21, 23.21, 22.14, 18.89,  9.27,  3.21,  1.07,  0.21,  0.00,  0.00,  0.00,  0.00,  0.00
2013 11   0.00,  0.00,  0.00,  0.00,  0.09,  0.38,  1.71,  7.39, 17.44, 21.67, 20.51, 17.61,  8.80,  3.21,  0.98,  0.17,  0.04,  0.00,  0.00,  0.00,  0.00
2013 12   0.00,  0.00,  0.00,  0.04,  0.04,  0.43,  1.71,  6.07, 13.29, 19.44, 21.88, 19.62, 10.81,  4.15,  1.92,  0.38,  0.17,  0.04,  0.00,  0.00,  0.00
2013 13   0.00,  0.00,  0.04,  0.00,  0.17,  0.60,  3.46,  6.37, 13.93, 19.79, 21.15, 17.35,  9.70,  4.19,  2.09,  0.81,  0.26,  0.09,  0.00,  0.00,  0.00
2013 14   0.00,  0.00,  0.09,  0.17,  0.26,  2.18,  4.10,  8.85, 14.62, 20.56, 16.88, 13.97,  9.70,  4.96,  2.09,  0.98,  0.43,  0.04,  0.04,  0.00,  0.09
2013 15   0.00,  0.00,  0.13,  0.38,  1.28,  2.65,  5.38, 10.26, 15.13, 18.80, 15.64, 12.86,  7.86,  4.19,  3.03,  1.75,  0.38,  0.13,  0.04,  0.04,  0.04
2013 16   0.00,  0.04,  0.51,  1.92,  3.63,  5.69,  8.59, 13.81, 15.01, 15.56, 13.98,  8.85,  5.47,  2.78,  2.44,  1.11,  0.34,  0.21,  0.00,  0.04,  0.00
2013 17   0.00,  0.26,  1.71,  3.98,  6.54,  8.51, 10.82, 12.23, 13.21, 12.91, 11.67,  7.35,  4.45,  2.95,  2.09,  0.86,  0.34,  0.00,  0.04,  0.09,  0.00
2013 18   0.00,  0.73,  2.99,  4.79,  7.70,  8.55,  9.41, 11.50, 12.31, 10.47, 11.03,  8.38,  4.62,  3.08,  2.05,  1.54,  0.38,  0.30,  0.09,  0.09,  0.00
2013 19   0.09,  0.90,  2.69,  5.30,  6.32,  7.82,  8.97, 10.04, 10.85, 10.77, 10.64,  8.93,  6.50,  3.85,  2.48,  1.67,  1.45,  0.38,  0.17,  0.17,  0.00
2013 20   0.09,  0.90,  2.05,  3.55,  5.85,  7.39,  7.61,  8.29, 10.00,  9.96, 11.20, 10.47,  7.99,  4.83,  4.32,  2.22,  1.75,  1.03,  0.43,  0.09,  0.00
2013 21   0.21,  0.60,  1.79,  2.39,  4.87,  6.75,  6.11,  7.05,  9.53,  9.74, 10.73, 11.28,  8.97,  7.01,  5.17,  3.63,  2.05,  1.20,  0.64,  0.26,  0.00
2013 22   0.13,  0.47,  1.28,  2.35,  3.76,  4.36,  7.09,  7.09,  7.52,  9.53, 10.43, 12.69, 10.38,  7.82,  6.11,  4.62,  2.26,  1.32,  0.43,  0.34,  0.00
2013 23   0.04,  0.17,  0.68,  1.28,  2.74,  3.42,  4.27,  6.07,  7.48,  8.59, 10.56, 11.92, 12.31, 11.88,  7.69,  5.51,  3.29,  1.28,  0.64,  0.17,  0.00
2013 24   0.00,  0.04,  0.30,  0.43,  1.45,  2.09,  2.52,  3.59,  5.00,  9.32,  9.87, 12.69, 13.25, 13.97, 11.24,  7.65,  4.27,  1.71,  0.51,  0.04,  0.04
2013 25   0.00,  0.00,  0.04,  0.56,  0.56,  1.24,  1.71,  2.99,  4.32,  8.29,  9.96, 13.55, 15.17, 14.83, 11.50,  8.42,  4.49,  2.09,  0.30,  0.00,  0.00
2013 26   0.00,  0.00,  0.26,  0.38,  0.51,  0.98,  2.22,  3.50,  4.32,  8.76, 10.34, 12.78, 16.07, 13.03, 11.54,  8.29,  4.83,  1.67,  0.51,  0.00,  0.00
2013 27   0.00,  0.04,  0.30,  0.64,  0.47,  1.62,  2.01,  3.46,  5.00,  7.39,  8.68,  9.79, 13.08, 14.79, 12.91, 10.60,  6.11,  2.39,  0.73,  0.00,  0.00
2013 28   0.00,  0.17,  0.43,  0.56,  1.07,  1.32,  2.09,  4.27,  3.89,  5.73,  7.52,  9.02, 10.21, 13.85, 14.40, 12.26,  8.55,  3.72,  0.73,  0.17,  0.04
2013 29   0.04,  0.26,  0.34,  0.85,  1.54,  1.45,  2.65,  3.55,  4.06,  4.79,  6.97,  8.85,  9.66, 12.86, 14.62, 14.19,  8.38,  3.89,  0.85,  0.17,  0.04
2013 30   0.09,  0.43,  0.73,  1.03,  1.62,  1.79,  2.52,  3.08,  4.49,  4.49,  6.62,  7.78, 10.94, 11.84, 15.90, 13.42,  8.72,  3.50,  0.94,  0.09,  0.00
2013 31   0.09,  0.47,  1.03,  1.24,  1.79,  2.18,  2.61,  3.25,  4.27,  5.51,  6.62,  8.42, 11.54, 12.48, 13.46, 12.31,  8.46,  3.55,  0.73,  0.00,  0.00
2013 32   0.30,  0.90,  1.15,  1.41,  2.05,  3.76,  2.69,  3.55,  5.17,  6.45,  7.44,  9.83, 11.15, 12.26, 10.51, 11.62,  6.62,  2.74,  0.38,  0.00,  0.00
2013 33   0.47,  0.64,  0.85,  1.32,  2.74,  3.33,  4.27,  4.40,  4.70,  7.61,  8.21, 10.38, 10.21, 10.51, 10.21, 10.00,  5.77,  3.46,  0.73,  0.17,  0.00
2013 34   0.13,  0.17,  0.68,  0.47,  1.41,  2.82,  4.83,  5.13,  7.65,  7.35,  8.50, 10.51, 10.38, 10.34,  9.83,  7.74,  6.41,  3.08,  1.84,  0.68,  0.04
2013 35   0.00,  0.00,  0.04,  0.09,  0.43,  1.24,  2.18,  4.36,  8.29,  9.19, 11.45, 11.37, 10.90, 10.98,  9.40,  7.39,  5.73,  3.21,  2.22,  1.07,  0.47
2013 36   0.00,  0.00,  0.04,  0.00,  0.09,  0.38,  1.75,  3.55,  7.65,  9.19, 16.07, 12.91, 12.09, 11.67,  8.25,  6.79,  4.06,  2.26,  2.22,  0.77,  0.26
2013 37   0.00,  0.00,  0.00,  0.00,  0.04,  0.13,  1.07,  3.21,  6.54, 10.18, 17.66, 14.37, 14.02, 11.29,  7.95,  5.13,  3.63,  2.05,  1.62,  0.90,  0.21
2013 38   0.00,  0.00,  0.00,  0.00,  0.00,  0.09,  0.64,  2.74,  5.81, 10.64, 20.17, 16.79, 13.97, 10.77,  6.92,  4.87,  3.16,  2.18,  0.73,  0.34,  0.17
2013 39   0.00,  0.00,  0.00,  0.00,  0.00,  0.21,  0.64,  2.69,  7.69, 13.50, 21.15, 16.45, 13.63,  9.66,  6.32,  4.36,  2.05,  1.07,  0.30,  0.21,  0.04
2013 40   0.00,  0.00,  0.00,  0.00,  0.09,  0.21,  1.11,  3.38,  7.83, 11.85, 21.27, 15.79, 13.95,  9.88,  7.27,  4.45,  1.71,  0.56,  0.30,  0.30,  0.04
2013 41   0.00,  0.00,  0.00,  0.17,  0.30,  1.54,  3.42,  6.59, 10.31, 11.51, 18.05, 15.01, 12.49,  9.37,  5.22,  3.59,  1.58,  0.47,  0.17,  0.13,  0.09
2013 42   0.04,  0.00,  0.30,  1.11,  2.01,  3.93,  7.70, 11.89, 13.13, 13.47, 14.24, 10.86,  7.95,  6.28,  4.15,  1.92,  0.86,  0.04,  0.09,  0.00,  0.04
2013 43   0.04,  0.21,  1.15,  2.35,  4.92,  8.94, 11.85, 14.88, 16.08, 13.52, 10.74,  6.67,  4.32,  2.87,  0.90,  0.43,  0.09,  0.04,  0.00,  0.00,  0.00
2013 44   0.64,  1.97,  4.15,  7.48, 11.16, 13.47, 15.48, 14.24, 13.42,  8.17,  5.77,  2.31,  1.20,  0.38,  0.13,  0.04,  0.00,  0.00,  0.00,  0.00,  0.00
2013 45   1.24,  2.27,  4.06,  7.31, 11.71, 13.64, 15.69, 15.86, 11.54,  7.61,  5.81,  2.27,  0.73,  0.21,  0.04,  0.00,  0.00,  0.00,  0.00,  0.00,  0.00
2013 46   0.26,  1.15,  2.52,  5.09,  8.38, 12.61, 14.84, 16.33, 14.58, 10.73,  8.17,  3.46,  1.20,  0.47,  0.13,  0.04,  0.04,  0.00,  0.00,  0.00,  0.00
2013 47   0.00,  0.43,  1.11,  2.44,  4.74,  8.97, 11.54, 14.66, 15.90, 13.38, 13.93,  7.99,  3.21,  0.98,  0.47,  0.21,  0.00,  0.00,  0.04,  0.00,  0.00
2013 48   0.00,  0.04,  0.21,  1.32,  2.52,  4.79,  9.91, 12.48, 15.21, 14.23, 17.52, 11.88,  6.54,  2.48,  0.60,  0.17,  0.04,  0.04,  0.00,  0.00,  0.00
2013 49   0.00,  0.00,  0.09,  0.60,  1.79,  4.36,  7.86, 10.68, 12.74, 12.61, 17.91, 15.64,  9.79,  4.19,  1.41,  0.21,  0.04,  0.09,  0.00,  0.00,  0.00
2013 50   0.00,  0.00,  0.00,  0.47,  1.71,  3.85,  5.60, 11.20, 10.34, 11.88, 21.24, 16.24, 11.03,  4.62,  1.45,  0.30,  0.04,  0.04,  0.00,  0.00,  0.00
2013 51   0.00,  0.00,  0.09,  0.51,  1.84,  4.49,  7.44,  9.44, 11.71, 12.26, 20.73, 14.66,  9.10,  5.13,  1.79,  0.64,  0.17,  0.00,  0.00,  0.00,  0.00
2013 52   0.00,  0.09,  0.21,  0.38,  1.79,  4.96,  7.78, 11.37, 12.82, 12.14, 18.55, 12.09,  9.96,  4.49,  2.05,  0.94,  0.26,  0.13,  0.00,  0.00,  0.00
2014 01   0.00,  0.00,  0.21,  0.56,  2.09,  4.23,  8.80, 12.14, 14.53, 12.91, 15.43, 11.79,  9.27,  4.83,  1.92,  0.68,  0.38,  0.17,  0.04,  0.00,  0.00
2014 02   0.00,  0.00,  0.04,  0.13,  0.77,  2.44,  5.26, 10.30, 14.06, 16.75, 16.20, 13.08, 10.13,  5.98,  3.21,  1.11,  0.21,  0.26,  0.09,  0.00,  0.00
2014 03   0.00,  0.00,  0.04,  0.00,  0.26,  0.85,  2.91,  6.45, 12.65, 15.51, 19.27, 16.92, 10.94,  7.56,  4.02,  1.88,  0.47,  0.09,  0.09,  0.04,  0.04
2014 04   0.00,  0.00,  0.00,  0.09,  0.21,  0.68,  2.61,  7.14, 11.84, 18.12, 17.31, 17.86, 11.54,  7.31,  3.25,  1.41,  0.30,  0.26,  0.04,  0.04,  0.00
2014 05   0.00,  0.00,  0.00,  0.04,  0.09,  1.28,  3.97, 10.43, 17.82, 19.06, 17.78, 14.70,  7.74,  4.32,  1.92,  0.60,  0.17,  0.04,  0.04,  0.00,  0.00
2014 06   0.00,  0.00,  0.00,  0.04,  0.26,  1.62,  7.61, 17.82, 21.62, 21.24, 14.27,  8.63,  4.10,  1.84,  0.73,  0.17,  0.04,  0.00,  0.00,  0.00,  0.00
2014 07   0.00,  0.00,  0.00,  0.09,  0.60,  3.68, 13.03, 22.61, 24.66, 18.12,  9.74,  4.27,  1.84,  1.07,  0.13,  0.17,  0.00,  0.00,  0.00,  0.00,  0.00
2014 08   0.00,  0.00,  0.00,  0.21,  0.98,  5.34, 13.97, 25.21, 25.00, 15.90,  7.91,  3.59,  1.50,  0.34,  0.04,  0.00,  0.00,  0.00,  0.00,  0.00,  0.00
2014 09   0.00,  0.00,  0.00,  0.26,  1.03,  4.44,  9.49, 19.19, 24.70, 19.44, 13.89,  5.60,  1.88,  0.04,  0.04,  0.00,  0.00,  0.00,  0.00,  0.00,  0.00
2014 10   0.00,  0.00,  0.00,  0.21,  1.03,  2.44,  6.07, 11.37, 16.37, 22.65, 24.10, 13.42,  2.22,  0.13,  0.00,  0.00,  0.00,  0.00,  0.00,  0.00,  0.00
2014 11   0.00,  0.00,  0.00,  0.90,  1.88,  4.87,  6.75, 10.13, 15.47, 19.53, 29.06, 10.47,  0.94,  0.00,  0.00,  0.00,  0.00,  0.00,  0.00,  0.00,  0.00
2014 12   0.00,  0.00,  0.00,  0.64,  1.88,  4.36,  5.34,  7.61, 11.75, 15.90, 29.91, 18.85,  3.63,  0.13,  0.00,  0.00,  0.00,  0.00,  0.00,  0.00,  0.00
2014 13   0.00,  0.00,  0.13,  1.32,  2.74,  4.06,  5.81,  6.88, 11.15, 13.50, 25.51, 20.77,  6.92,  1.15,  0.04,  0.00,  0.00,  0.00,  0.00,  0.00,  0.00
2014 14   0.00,  0.09,  0.17,  2.18,  3.33,  5.00,  5.47,  7.48, 10.30, 12.74, 21.07, 18.76,  9.49,  2.99,  0.77,  0.13,  0.04,  0.00,  0.00,  0.00,  0.00
2014 15   0.00,  0.04,  0.30,  1.50,  3.08,  4.83,  4.66,  6.54,  8.38, 11.20, 16.15, 18.21, 12.91,  7.22,  3.08,  1.58,  0.26,  0.09,  0.00,  0.00,  0.00
2014 16   0.00,  0.04,  0.30,  1.07,  2.14,  4.19,  4.02,  5.73,  6.93,  9.28, 12.91, 15.90, 14.66, 11.16,  6.41,  3.63,  1.28,  0.34,  0.00,  0.00,  0.00
2014 17   0.00,  0.00,  0.38,  1.24,  2.31,  2.44,  3.85,  5.26,  5.69,  8.51,  9.96, 13.64, 14.45, 12.70,  9.32,  5.56,  3.55,  0.81,  0.21,  0.04,  0.09
2014 18   0.00,  0.04,  0.68,  1.15,  2.39,  2.74,  3.46,  4.19,  5.47,  7.10,  8.89, 11.50, 12.48, 11.63, 10.47,  7.91,  5.47,  2.99,  0.98,  0.21,  0.21
2014 19   0.00,  0.13,  0.77,  1.24,  2.35,  3.29,  2.99,  4.62,  5.09,  7.26,  8.63,  9.57, 11.88, 11.24, 10.68,  7.82,  6.20,  3.80,  1.58,  0.56,  0.30
2014 20   0.00,  0.26,  0.43,  1.15,  2.26,  2.31,  3.46,  3.89,  5.38,  6.41,  7.86,  9.70, 10.13, 11.50, 10.90,  9.74,  6.79,  4.62,  2.05,  0.90,  0.26
2014 21   0.04,  0.13,  0.17,  0.64,  1.50,  2.39,  2.48,  3.72,  5.26,  5.85,  6.45,  9.32, 10.68, 12.01, 10.56, 10.47,  7.78,  5.98,  3.42,  0.90,  0.26
2014 22   0.04,  0.13,  0.00,  0.64,  0.85,  1.88,  3.03,  3.55,  3.63,  7.09,  8.12,  9.06, 11.54, 12.95, 11.37,  9.23,  7.78,  5.43,  2.86,  0.68,  0.13
2014 23   0.00,  0.09,  0.13,  0.21,  0.77,  1.11,  2.74,  2.82,  4.02,  5.68,  8.16,  9.66, 12.82, 13.38, 13.38, 10.30,  8.16,  4.70,  1.45,  0.43,  0.00
2014 24   0.00,  0.00,  0.04,  0.17,  0.30,  0.47,  1.37,  1.92,  3.29,  5.21,  5.90, 10.09, 13.12, 15.73, 14.53, 12.82,  9.15,  4.66,  1.03,  0.17,  0.04
2014 25   0.00,  0.00,  0.04,  0.09,  0.17,  0.21,  0.64,  1.37,  2.52,  4.06,  6.32, 10.94, 12.95, 17.52, 15.94, 13.97,  8.21,  3.89,  1.07,  0.09,  0.00
2014 26   0.00,  0.00,  0.04,  0.17,  0.09,  0.21,  0.77,  1.28,  2.74,  4.06,  8.03, 11.75, 13.63, 16.58, 15.68, 13.89,  7.56,  2.61,  0.85,  0.04,  0.00
2014 27   0.00,  0.00,  0.00,  0.17,  0.17,  0.60,  0.68,  2.22,  3.55,  4.91,  7.31, 10.21, 13.38, 15.38, 16.28, 13.25,  7.74,  3.29,  0.81,  0.04,  0.00
2014 28   0.00,  0.00,  0.04,  0.17,  0.30,  0.98,  1.62,  2.61,  4.10,  5.00,  7.52,  9.40, 12.69, 13.59, 15.73, 13.12,  8.85,  3.63,  0.60,  0.04,  0.00
2014 29   0.00,  0.00,  0.17,  0.38,  0.73,  1.32,  2.26,  3.59,  4.19,  5.34,  7.05, 10.38, 11.41, 13.85, 14.70, 12.52,  8.55,  2.91,  0.56,  0.09,  0.00
2014 30   0.00,  0.04,  0.60,  0.85,  1.11,  2.44,  2.91,  3.72,  4.36,  5.73,  7.09, 10.13, 12.01, 14.10, 13.63, 12.22,  6.32,  2.35,  0.30,  0.09,  0.00
2014 31   0.00,  0.26,  0.81,  1.71,  2.18,  2.65,  3.21,  3.97,  3.97,  5.68,  7.65, 10.47, 11.71, 14.27, 13.72, 10.17,  5.43,  1.71,  0.38,  0.04,  0.00
2014 32   0.13,  0.73,  1.20,  1.84,  2.65,  3.03,  3.89,  2.78,  4.91,  6.37,  7.22,  9.19, 12.78, 13.25, 13.68,  8.76,  5.73,  1.62,  0.26,  0.00,  0.00
2014 33   0.47,  0.90,  2.14,  1.92,  3.46,  3.25,  2.99,  4.27,  5.17,  6.62,  6.97,  9.36, 11.32, 12.78, 11.54,  9.02,  5.34,  1.71,  0.77,  0.00,  0.00
2014 34   0.98,  1.54,  2.39,  2.99,  2.86,  3.85,  3.33,  5.85,  6.32,  6.45,  8.16,  9.96, 10.98, 11.71,  9.62,  6.54,  3.25,  2.35,  0.56,  0.21,  0.09
2014 35   1.45,  2.39,  1.88,  2.95,  3.76,  4.10,  4.87,  6.41,  7.44,  7.56,  9.79, 10.26, 11.50,  9.74,  7.52,  3.97,  2.48,  1.28,  0.34,  0.21,  0.09
2014 36   1.45,  1.88,  2.39,  2.61,  3.68,  5.26,  5.56,  6.88,  8.89,  9.36, 11.50, 10.68, 11.75,  8.12,  5.60,  2.44,  1.41,  0.38,  0.09,  0.04,  0.04
2014 37   0.68,  1.54,  2.35,  2.61,  3.81,  5.64,  6.07,  7.82,  9.92, 11.54, 12.18, 12.70, 10.82,  7.18,  2.99,  1.45,  0.47,  0.17,  0.04,  0.00,  0.00
2014 38   0.17,  1.41,  1.97,  3.21,  4.53,  5.47,  8.59,  8.97, 12.44, 13.89, 12.65, 12.14,  8.16,  3.85,  1.67,  0.64,  0.17,  0.09,  0.00,  0.00,  0.00
2014 39   0.17,  0.90,  1.58,  3.50,  4.32,  7.22,  9.40, 12.05, 13.59, 13.85, 13.59,  9.62,  5.77,  3.16,  0.81,  0.38,  0.09,  0.00,  0.00,  0.00,  0.00
2014 40   0.09,  0.43,  1.33,  2.31,  5.18,  7.27,  8.60, 13.61, 13.91, 13.56, 12.11,  9.71,  6.38,  3.42,  1.24,  0.56,  0.21,  0.04,  0.00,  0.04,  0.00
2014 41   0.00,  0.04,  0.77,  1.63,  3.72,  6.20,  9.84, 12.75, 13.90, 14.88, 13.43,  9.20,  6.50,  3.55,  2.22,  0.86,  0.38,  0.09,  0.04,  0.00,  0.00
2014 42   0.00,  0.17,  0.68,  1.71,  4.19,  6.63, 11.54, 14.02, 16.84, 15.01, 10.94,  7.65,  5.39,  2.86,  1.75,  0.30,  0.21,  0.09,  0.00,  0.00,  0.00
2014 43   0.04,  0.17,  0.68,  2.82,  6.07, 10.09, 15.44, 16.94, 16.72, 12.15,  8.68,  5.18,  2.74,  1.50,  0.60,  0.09,  0.09,  0.00,  0.00,  0.00,  0.00
2014 44   0.17,  0.64,  1.84,  4.06,  9.11, 14.15, 17.79, 17.06, 13.38,  8.64,  5.99,  4.32,  1.80,  0.73,  0.17,  0.13,  0.04,  0.00,  0.00,  0.00,  0.00
2014 45   0.04,  0.26,  1.58,  4.06,  7.18, 12.14, 16.12, 16.55, 14.15,  9.58,  8.04,  4.75,  2.78,  1.84,  0.30,  0.47,  0.13,  0.04,  0.00,  0.00,  0.00
2014 46   0.00,  0.38,  1.41,  3.33,  7.57, 11.50, 16.63, 14.62, 13.34, 10.09,  8.42,  5.43,  3.72,  1.92,  0.90,  0.51,  0.09,  0.13,  0.00,  0.00,  0.00
2014 47   0.00,  0.30,  0.90,  3.08,  6.71, 11.79, 14.70, 15.64, 14.36, 10.85,  8.42,  5.60,  3.85,  1.84,  0.94,  0.60,  0.26,  0.13,  0.00,  0.00,  0.04
2014 48   0.00,  0.09,  0.30,  1.28,  3.89,  8.25, 12.31, 15.73, 16.62, 13.80,  9.96,  7.22,  5.04,  2.39,  1.45,  0.68,  0.73,  0.21,  0.04,  0.00,  0.00
2014 49   0.00,  0.04,  0.13,  0.77,  2.18,  5.00,  9.40, 14.49, 15.60, 14.96, 13.68,  9.10,  5.68,  4.32,  2.44,  1.28,  0.73,  0.09,  0.09,  0.04,  0.00
2014 50   0.00,  0.00,  0.00,  0.51,  1.97,  4.27,  9.15, 13.68, 17.09, 15.30, 12.78,  9.87,  6.37,  4.23,  2.39,  1.41,  0.51,  0.30,  0.13,  0.04,  0.00
2014 51   0.00,  0.00,  0.13,  0.77,  2.26,  5.21, 10.30, 12.95, 16.28, 16.28, 12.05,  8.76,  6.24,  4.10,  2.22,  1.28,  0.51,  0.47,  0.09,  0.09,  0.00
2014 52   0.00,  0.04,  0.17,  0.90,  2.39,  5.38, 11.07, 12.99, 16.97, 14.53, 12.61,  8.03,  6.50,  3.85,  2.35,  1.24,  0.64,  0.17,  0.13,  0.04,  0.00
2015 01   0.00,  0.00,  0.00,  0.68,  1.79,  4.32,  8.80, 14.02, 15.98, 16.67, 13.33,  9.15,  6.32,  3.93,  2.48,  1.24,  0.85,  0.26,  0.17,  0.00,  0.00
2015 02   0.00,  0.00,  0.00,  0.17,  0.77,  2.82,  6.58, 10.30, 14.79, 17.65, 16.79, 11.32,  7.95,  5.09,  2.91,  1.45,  0.85,  0.38,  0.13,  0.04,  0.00
2015 03   0.00,  0.00,  0.00,  0.04,  0.30,  1.54,  4.83, 10.21, 13.29, 19.15, 18.08, 12.91,  9.79,  4.96,  2.86,  1.28,  0.64,  0.09,  0.00,  0.04,  0.00
2015 04   0.00,  0.00,  0.00,  0.04,  0.26,  1.71,  5.43, 11.62, 17.18, 20.43, 17.44, 12.18,  7.44,  3.50,  1.79,  0.77,  0.21,  0.00,  0.00,  0.00,  0.00
2015 05   0.00,  0.00,  0.00,  0.00,  0.38,  1.97,  7.35, 15.43, 22.14, 20.00, 15.64,  8.55,  4.49,  2.44,  1.20,  0.34,  0.09,  0.00,  0.00,  0.00,  0.00
2015 06   0.00,  0.00,  0.00,  0.00,  0.38,  2.82,  9.83, 20.94, 24.87, 17.61, 12.31,  5.94,  2.65,  1.75,  0.56,  0.21,  0.13,  0.00,  0.00,  0.00,  0.00
2015 07   0.00,  0.00,  0.00,  0.00,  1.24,  4.83, 14.27, 24.53, 22.95, 15.60,  8.76,  4.66,  1.62,  0.94,  0.43,  0.09,  0.09,  0.00,  0.00,  0.00,  0.00
2015 08   0.00,  0.00,  0.00,  0.51,  2.44,  7.14, 14.96, 21.24, 22.52, 15.94,  8.89,  4.15,  1.54,  0.47,  0.21,  0.00,  0.00,  0.00,  0.00,  0.00,  0.00
2015 09   0.00,  0.00,  0.09,  0.90,  2.74,  7.01, 12.01, 16.07, 21.58, 18.29, 12.91,  5.73,  1.97,  0.56,  0.13,  0.04,  0.00,  0.00,  0.00,  0.00,  0.00
2015 10   0.00,  0.00,  0.26,  0.98,  3.12,  5.90,  9.53, 13.89, 18.63, 18.63, 16.15,  8.76,  2.91,  1.07,  0.17,  0.00,  0.00,  0.00,  0.00,  0.00,  0.00
2015 11   0.00,  0.00,  0.68,  2.39,  4.36,  7.65, 10.64, 13.97, 19.96, 17.05, 13.68,  6.88,  2.39,  0.30,  0.04,  0.00,  0.00,  0.00,  0.00,  0.00,  0.00
2015 12   0.00,  0.00,  0.73,  2.18,  4.15,  6.97,  9.91, 11.88, 17.44, 17.91, 12.78, 10.38,  4.40,  1.15,  0.13,  0.00,  0.00,  0.00,  0.00,  0.00,  0.00
2015 13   0.00,  0.21,  1.24,  2.56,  5.09,  7.65, 10.00, 13.16, 16.97, 16.11, 11.97,  9.06,  4.23,  1.54,  0.21,  0.00,  0.00,  0.00,  0.00,  0.00,  0.00
2015 14   0.00,  0.30,  2.26,  3.97,  5.81,  7.69, 11.37, 13.97, 15.21, 14.74, 10.68,  7.35,  4.06,  2.14,  0.30,  0.13,  0.00,  0.00,  0.00,  0.00,  0.00
2015 15   0.00,  0.21,  2.26,  3.80,  6.15,  8.08, 11.67, 13.42, 14.96, 13.42, 10.73,  7.05,  4.53,  2.31,  1.11,  0.30,  0.00,  0.00,  0.00,  0.00,  0.00
2015 16   0.00,  0.21,  2.44,  4.02,  5.34,  8.08, 12.06, 12.44, 13.55, 14.24, 10.86,  6.46,  4.87,  3.46,  1.54,  0.21,  0.21,  0.00,  0.00,  0.00,  0.00
2015 17   0.00,  0.43,  2.39,  5.17,  5.77,  7.35, 10.86, 13.04, 12.78, 12.18, 10.18,  7.57,  5.34,  3.08,  2.35,  1.07,  0.26,  0.09,  0.04,  0.04,  0.00
2015 18   0.04,  0.77,  2.44,  5.30,  5.43,  7.91,  9.53, 10.90, 10.86, 12.10,  9.92,  7.95,  6.16,  4.28,  3.12,  1.88,  0.68,  0.47,  0.17,  0.00,  0.09
2015 19   0.09,  0.81,  2.35,  3.89,  5.85,  7.82,  8.55,  9.23, 10.94,  9.96, 10.21,  9.27,  7.18,  5.09,  3.80,  2.18,  1.45,  0.85,  0.30,  0.13,  0.04
2015 20   0.09,  0.77,  2.09,  3.38,  6.11,  7.39,  8.38,  8.85, 10.09, 11.24, 10.26,  7.99,  7.65,  6.15,  4.79,  2.01,  1.24,  0.98,  0.38,  0.09,  0.09
2015 21   0.26,  0.68,  2.48,  3.80,  6.03,  7.91,  8.76,  8.46, 11.50, 11.50,  8.93,  9.15,  7.44,  5.04,  4.10,  1.79,  1.37,  0.43,  0.26,  0.13,  0.00
2015 22   0.34,  0.64,  2.31,  3.59,  6.37,  9.06,  8.42,  9.23, 10.47, 12.14, 10.47,  9.19,  6.92,  4.91,  2.82,  1.79,  1.03,  0.21,  0.09,  0.00,  0.00
2015 23   0.26,  0.47,  1.41,  3.21,  4.91,  8.03,  9.27, 10.26, 10.81, 12.05, 13.25,  8.85,  7.44,  5.13,  2.35,  1.75,  0.51,  0.04,  0.00,  0.00,  0.00
2015 24   0.21,  0.30,  0.85,  1.79,  3.72,  5.77,  8.55, 10.30, 12.18, 12.61, 13.03, 10.68,  8.85,  5.85,  3.08,  1.41,  0.81,  0.00,  0.00,  0.00,  0.00
2015 25   0.04,  0.38,  0.51,  1.41,  2.91,  6.15,  9.32, 10.26, 13.42, 14.91, 11.32, 10.94,  7.82,  5.51,  3.03,  1.50,  0.47,  0.04,  0.04,  0.00,  0.00
2015 26   0.09,  0.30,  1.07,  2.22,  4.62,  6.45,  9.74, 11.79, 13.46, 13.59, 12.39,  8.25,  6.79,  4.53,  3.21,  1.24,  0.09,  0.13,  0.04,  0.00,  0.00
2015 27   0.17,  0.68,  1.41,  3.25,  5.09,  7.65, 10.30, 11.71, 12.78, 11.37, 12.01,  8.72,  6.28,  4.53,  2.09,  1.58,  0.30,  0.09,  0.00,  0.00,  0.00
2015 28   0.51,  0.94,  3.16,  4.87,  6.92,  8.97, 10.21, 12.09, 12.35, 10.30,  9.44,  7.26,  6.54,  3.55,  1.28,  1.03,  0.43,  0.09,  0.04,  0.00,  0.00
2015 29   0.73,  2.26,  5.00,  6.50,  7.91, 10.17, 10.94, 11.88, 11.88,  9.49,  8.42,  6.45,  4.23,  2.09,  0.98,  0.60,  0.38,  0.04,  0.04,  0.00,  0.00
2015 30   1.41,  4.53,  6.41,  7.78,  9.36, 11.58, 10.98, 11.50, 11.92,  8.89,  6.75,  3.97,  2.22,  1.41,  0.51,  0.60,  0.13,  0.00,  0.04,  0.00,  0.00
2015 31   3.93,  6.07,  8.12,  8.85, 10.85, 12.01, 11.88, 10.85,  9.19,  7.52,  4.91,  2.78,  1.28,  1.11,  0.43,  0.17,  0.00,  0.04,  0.00,  0.00,  0.00
2015 32   7.78,  9.87,  9.10, 10.00, 11.71, 11.32, 10.56,  8.29,  7.39,  5.94,  3.68,  2.31,  1.20,  0.47,  0.34,  0.00,  0.04,  0.00,  0.00,  0.00,  0.00
2015 33  16.15, 11.07, 10.34, 11.71,  9.44,  9.96,  8.33,  7.56,  5.13,  4.40,  3.03,  1.28,  0.94,  0.43,  0.13,  0.09,  0.00,  0.00,  0.00,  0.00,  0.00
2015 34  22.35, 11.88, 11.20,  9.83,  9.36,  8.72,  7.61,  5.81,  4.49,  3.46,  2.39,  1.58,  0.60,  0.43,  0.17,  0.09,  0.00,  0.04,  0.00,  0.00,  0.00
2015 35  22.35, 11.67, 11.71, 10.21, 10.30,  7.48,  7.14,  5.73,  4.70,  3.25,  2.22,  1.75,  0.77,  0.34,  0.17,  0.09,  0.09,  0.04,  0.00,  0.00,  0.00
2015 36  14.27, 11.37, 11.84, 11.20, 10.94,  9.87,  7.69,  7.69,  4.87,  4.36,  2.65,  1.62,  0.85,  0.34,  0.30,  0.09,  0.04,  0.00,  0.00,  0.00,  0.00
2015 37   7.35,  8.76, 11.59,  9.19, 11.59, 11.76, 10.18,  9.11,  6.80,  5.52,  3.46,  2.39,  1.37,  0.51,  0.21,  0.17,  0.00,  0.04,  0.00,  0.00,  0.00
2015 38   3.76,  7.39,  9.96, 11.97, 11.28, 11.62, 10.90, 10.13,  7.86,  6.07,  3.93,  2.44,  1.84,  0.34,  0.34,  0.09,  0.09,  0.00,  0.00,  0.00,  0.00
2015 39   2.05,  5.94,  8.97, 11.67, 13.55, 11.88, 11.32, 10.60,  8.21,  6.07,  4.49,  2.74,  1.28,  0.73,  0.34,  0.09,  0.09,  0.00,  0.00,  0.00,  0.00
2015 40   1.45,  3.89,  7.10, 11.00, 12.24, 12.58, 13.14, 11.42,  7.87,  7.19,  4.84,  3.42,  1.84,  0.86,  0.51,  0.56,  0.04,  0.04,  0.00,  0.00,  0.00
2015 41   0.64,  2.10,  5.22,  8.08, 11.38, 12.75, 13.39, 12.32, 10.99,  7.44,  6.46,  3.76,  2.91,  0.94,  0.73,  0.51,  0.34,  0.04,  0.00,  0.00,  0.00
2015 42   0.38,  1.92,  4.92,  6.67, 10.18, 13.64, 14.07, 13.89, 10.65,  8.59,  6.80,  3.55,  2.09,  1.41,  0.60,  0.30,  0.21,  0.09,  0.04,  0.00,  0.00
2015 43   0.73,  1.80,  4.83,  9.02, 12.57, 13.86, 13.94, 13.69, 11.16,  8.08,  4.41,  2.69,  1.71,  0.77,  0.43,  0.13,  0.13,  0.04,  0.00,  0.00,  0.00
2015 44   2.01,  4.79,  9.36, 13.08, 14.41, 15.05, 13.13, 12.36,  6.80,  3.93,  2.22,  1.33,  0.81,  0.38,  0.17,  0.09,  0.04,  0.04,  0.00,  0.00,  0.00
2015 45   1.24,  5.52,  8.42, 12.01, 15.05, 14.96, 14.32, 10.90,  7.18,  4.36,  2.82,  1.54,  0.77,  0.43,  0.26,  0.13,  0.04,  0.04,  0.00,  0.00,  0.00
2015 46   0.60,  2.57,  6.93, 10.13, 14.96, 16.37, 15.13, 11.93,  8.68,  4.40,  4.15,  2.01,  1.20,  0.64,  0.13,  0.13,  0.04,  0.00,  0.00,  0.00,  0.00
2015 47   0.17,  1.37,  3.12,  7.48, 12.65, 13.16, 15.73, 13.55, 12.39,  8.03,  6.07,  3.38,  1.88,  0.56,  0.30,  0.17,  0.00,  0.00,  0.00,  0.00,  0.00
2015 48   0.09,  0.13,  1.41,  3.29,  6.58, 10.68, 14.06, 15.81, 14.53, 11.24, 10.77,  6.24,  3.21,  1.20,  0.51,  0.17,  0.09,  0.00,  0.00,  0.00,  0.00
2015 49   0.00,  0.13,  0.51,  1.54,  4.06,  6.58, 10.77, 13.03, 15.21, 14.62, 13.85,  9.57,  6.11,  2.31,  1.03,  0.34,  0.26,  0.09,  0.00,  0.00,  0.00
2015 50   0.00,  0.09,  0.34,  0.98,  2.95,  5.09,  8.25, 12.39, 13.08, 13.68, 17.39, 12.86,  7.82,  2.86,  1.45,  0.30,  0.30,  0.17,  0.00,  0.00,  0.00
2015 51   0.00,  0.09,  0.38,  0.90,  3.21,  5.17,  8.33, 11.24, 12.18, 14.27, 17.74, 13.08,  8.08,  3.08,  1.41,  0.47,  0.34,  0.04,  0.00,  0.00,  0.00
2015 52   0.00,  0.09,  0.17,  0.77,  2.01,  4.87,  7.31, 10.98, 12.91, 13.38, 17.31, 13.55,  8.85,  4.74,  1.92,  0.81,  0.21,  0.04,  0.04,  0.04,  0.00
2016 01   0.00,  0.00,  0.13,  0.47,  1.62,  3.93,  7.35, 10.56, 14.32, 15.43, 15.13, 12.44,  8.85,  5.26,  2.74,  1.37,  0.17,  0.13,  0.09,  0.04,  0.00
2016 02   0.00,  0.00,  0.04,  0.09,  0.47,  1.84,  5.94,  9.40, 14.02, 17.65, 16.92, 13.72,  8.33,  5.77,  3.12,  1.58,  0.81,  0.21,  0.09,  0.00,  0.00
2016 03   0.00,  0.00,  0.00,  0.04,  0.13,  0.94,  3.80,  8.76, 12.69, 18.72, 18.33, 16.62,  9.27,  5.21,  2.99,  1.67,  0.60,  0.09,  0.09,  0.04,  0.00
2016 04   0.00,  0.00,  0.00,  0.04,  0.09,  0.90,  3.50,  9.70, 16.79, 20.81, 17.78, 14.32,  8.21,  5.00,  1.79,  0.90,  0.17,  0.00,  0.00,  0.00,  0.00
2016 05   0.00,  0.00,  0.00,  0.00,  0.26,  0.77,  5.38, 14.06, 21.28, 22.26, 16.58,  9.70,  5.90,  2.39,  1.20,  0.21,  0.00,  0.00,  0.00,  0.00,  0.00
2016 06   0.00,  0.00,  0.00,  0.04,  0.21,  1.75,  7.69, 18.89, 26.58, 20.85, 13.16,  6.41,  2.52,  1.54,  0.17,  0.13,  0.04,  0.00,  0.00,  0.00,  0.00
2016 07   0.00,  0.00,  0.00,  0.04,  0.68,  3.50, 11.71, 24.79, 25.43, 18.38,  9.91,  3.76,  1.15,  0.38,  0.21,  0.00,  0.04,  0.00,  0.00,  0.00,  0.00
2016 08   0.00,  0.00,  0.00,  0.17,  1.58,  5.43, 11.67, 22.39, 25.60, 18.38,  9.66,  3.55,  1.15,  0.30,  0.09,  0.04,  0.00,  0.00,  0.00,  0.00,  0.00
2016 09   0.00,  0.00,  0.00,  0.34,  1.71,  5.00,  9.49, 17.82, 22.31, 19.66, 13.85,  7.01,  1.84,  0.81,  0.00,  0.17,  0.00,  0.00,  0.00,  0.00,  0.00
2016 10   0.00,  0.00,  0.00,  0.17,  1.50,  4.23,  8.42, 14.70, 18.29, 20.26, 14.87, 11.37,  4.15,  1.75,  0.26,  0.04,  0.00,  0.00,  0.00,  0.00,  0.00
2016 11   0.00,  0.00,  0.43,  1.20,  3.21,  4.74,  7.78, 11.20, 14.19, 18.80, 18.25, 14.27,  5.30,  0.56,  0.04,  0.04,  0.00,  0.00,  0.00,  0.00,  0.00
2016 12   0.00,  0.00,  0.51,  1.28,  2.99,  4.62,  6.79,  9.40, 11.84, 16.28, 17.61, 16.97,  9.02,  2.26,  0.30,  0.13,  0.00,  0.00,  0.00,  0.00,  0.00
2016 13   0.00,  0.00,  0.94,  2.22,  3.46,  4.53,  6.92,  9.66, 12.14, 14.62, 17.09, 15.77,  8.46,  3.63,  0.38,  0.13,  0.04,  0.00,  0.00,  0.00,  0.00
2016 14   0.00,  0.34,  1.07,  2.95,  4.49,  4.91,  7.91,  9.44, 12.01, 13.72, 17.22, 13.08,  8.12,  3.33,  0.94,  0.30,  0.09,  0.09,  0.00,  0.00,  0.00
2016 15   0.00,  0.13,  1.03,  3.08,  4.23,  5.51,  6.97,  8.89, 10.90, 13.25, 15.90, 13.16,  8.29,  5.00,  2.39,  0.94,  0.26,  0.04,  0.04,  0.00,  0.00
2016 16   0.00,  0.13,  0.81,  2.31,  3.42,  5.26,  5.60,  8.51,  9.19, 12.53, 13.38, 13.04,  9.92,  7.91,  4.53,  2.61,  0.64,  0.21,  0.00,  0.00,  0.00
2016 17   0.00,  0.04,  0.77,  2.22,  4.32,  3.55,  4.70,  6.41,  8.51,  9.11, 10.43, 12.57, 11.50, 10.35,  6.58,  5.47,  2.14,  1.03,  0.17,  0.09,  0.04
2016 18   0.00,  0.21,  0.81,  1.97,  2.44,  3.85,  3.98,  5.22,  6.16,  6.93,  7.91, 10.73, 10.77, 11.07,  9.41,  7.65,  5.60,  3.21,  1.15,  0.73,  0.21
2016 19   0.00,  0.26,  0.73,  1.24,  1.75,  3.33,  4.15,  4.79,  5.77,  5.81,  7.74,  9.40, 10.26, 10.38, 10.17,  8.68,  7.35,  4.27,  2.61,  0.94,  0.38
2016 20   0.04,  0.21,  0.64,  0.60,  1.58,  3.76,  3.46,  4.06,  4.62,  6.62,  7.78,  8.93, 10.34, 10.73,  9.96,  9.70,  7.74,  4.96,  2.95,  0.94,  0.38
2016 21   0.00,  0.17,  0.38,  0.51,  1.37,  2.56,  3.16,  4.06,  5.13,  6.03,  6.92,  8.25, 10.38, 11.11, 10.26,  9.87,  8.46,  6.11,  3.33,  1.62,  0.30
2016 22   0.04,  0.09,  0.21,  0.51,  1.03,  1.67,  2.61,  3.76,  4.66,  6.54,  7.82,  7.86, 10.47, 11.54, 11.37, 10.47,  8.21,  6.58,  3.59,  0.90,  0.09
2016 23   0.04,  0.04,  0.13,  0.26,  0.64,  1.32,  1.97,  2.82,  4.87,  5.47,  7.56,  8.93, 10.56, 11.28, 12.52, 11.24, 10.09,  6.92,  2.52,  0.73,  0.09
2016 24   0.00,  0.09,  0.04,  0.17,  0.30,  0.77,  1.28,  2.26,  2.74,  4.10,  7.39,  8.80, 10.77, 12.26, 14.06, 12.39, 11.15,  8.25,  2.74,  0.38,  0.04
2016 25   0.00,  0.00,  0.09,  0.04,  0.13,  0.43,  0.60,  1.11,  2.26,  4.44,  5.09,  9.87, 11.88, 13.50, 15.26, 14.49, 11.97,  6.37,  2.35,  0.13,  0.00
2016 26   0.00,  0.00,  0.04,  0.09,  0.09,  0.43,  0.73,  0.90,  1.97,  4.74,  6.28,  9.79, 12.61, 13.76, 15.09, 13.03, 11.28,  7.18,  1.97,  0.04,  0.00
2016 27   0.00,  0.00,  0.04,  0.26,  0.30,  0.64,  1.62,  1.88,  3.55,  4.83,  6.67,  9.15, 11.58, 12.78, 14.87, 13.08, 10.73,  5.81,  2.01,  0.21,  0.00
2016 28   0.00,  0.13,  0.26,  0.43,  1.24,  1.45,  2.26,  2.35,  4.83,  5.47,  7.44,  9.15, 11.41, 13.59, 12.61, 11.88,  9.44,  4.70,  1.15,  0.17,  0.04
2016 29   0.04,  0.13,  0.73,  1.37,  1.28,  2.44,  2.48,  3.80,  5.30,  6.15,  8.33,  9.62, 10.17, 12.31, 13.72, 10.13,  7.69,  3.29,  0.94,  0.09,  0.00
2016 30   0.09,  0.51,  1.32,  1.54,  2.26,  2.99,  3.55,  4.32,  5.64,  6.58,  8.29,  8.93, 11.75, 13.68, 11.50,  8.97,  5.64,  2.05,  0.34,  0.04,  0.00
2016 31   0.13,  1.24,  2.18,  2.44,  2.82,  3.72,  4.19,  4.83,  6.28,  7.39,  9.10, 11.07, 12.61, 11.58,  8.93,  6.75,  3.63,  0.81,  0.30,  0.00,  0.00
2016 32   0.81,  2.01,  2.48,  3.21,  4.02,  3.68,  5.17,  5.64,  7.78,  8.50,  9.79, 11.11, 11.71,  8.80,  8.50,  4.49,  1.71,  0.56,  0.04,  0.00,  0.00
2016 33   2.22,  2.35,  3.33,  3.89,  4.44,  5.43,  7.31,  6.03,  8.89,  9.40, 10.26, 10.00,  8.63,  8.03,  5.51,  2.95,  0.94,  0.21,  0.17,  0.00,  0.00
2016 34   3.89,  3.89,  4.06,  5.90,  6.37,  6.58,  7.74,  9.02,  8.97,  9.66,  9.74,  7.39,  6.71,  5.04,  2.69,  1.50,  0.56,  0.26,  0.00,  0.04,  0.00
2016 35   4.83,  5.30,  6.15,  6.88,  7.05,  8.33, 10.26, 10.09,  9.44,  8.85,  8.55,  5.38,  4.06,  2.39,  1.41,  0.73,  0.21,  0.09,  0.00,  0.00,  0.00
2016 36   4.70,  6.07,  6.84,  7.52,  8.80, 10.00, 11.54, 10.64, 10.00,  8.12,  6.84,  4.49,  2.31,  1.67,  0.30,  0.17,  0.00,  0.00,  0.00,  0.00,  0.00
2016 37   3.55,  5.90,  7.18,  8.72,  9.88, 11.07, 11.12, 11.80,  9.75,  8.55,  5.47,  3.59,  1.80,  1.24,  0.26,  0.13,  0.00,  0.00,  0.00,  0.00,  0.00
2016 38   1.92,  5.04,  7.61,  9.36, 11.15, 12.69, 11.54, 11.20,  9.83,  7.65,  5.34,  3.12,  1.84,  1.32,  0.30,  0.04,  0.04,  0.00,  0.00,  0.00,  0.00
2016 39   0.68,  2.69,  5.34,  9.83, 12.22, 12.69, 13.16, 11.07, 10.60,  8.12,  5.85,  3.59,  2.05,  1.28,  0.47,  0.17,  0.17,  0.00,  0.00,  0.00,  0.00
2016 40   0.13,  0.77,  2.18,  4.62,  8.86, 12.71, 13.61, 13.61, 12.07, 11.21,  8.77,  4.28,  3.42,  1.97,  0.81,  0.73,  0.09,  0.13,  0.04,  0.00,  0.00
2016 41   0.00,  0.21,  0.38,  0.94,  2.87,  5.77,  9.84, 13.77, 13.99, 13.22, 20.92,  8.17,  5.05,  2.65,  1.15,  0.56,  0.34,  0.13,  0.04,  0.00,  0.00
2016 42   0.00,  0.00,  0.04,  0.17,  0.64,  0.98,  2.99,  6.63, 11.46, 13.00, 41.60, 10.22,  6.28,  2.44,  1.92,  1.03,  0.26,  0.21,  0.13,  0.00,  0.00
2016 43   0.00,  0.00,  0.00,  0.09,  0.04,  0.64,  2.05,  5.09,  9.37, 10.18, 52.05,  9.67,  5.30,  2.40,  1.71,  0.81,  0.34,  0.17,  0.04,  0.04,  0.00
2016 44   0.00,  0.00,  0.00,  0.17,  0.51,  2.27,  4.79,  7.87, 12.23,  8.98, 48.44,  7.23,  3.55,  2.09,  0.98,  0.56,  0.21,  0.09,  0.04,  0.00,  0.00
2016 45   0.00,  0.00,  0.09,  0.51,  2.57,  5.22,  9.92, 12.53, 10.65,  8.25, 40.23,  4.40,  2.69,  1.28,  0.73,  0.77,  0.09,  0.04,  0.00,  0.04,  0.00
2016 46   0.00,  0.04,  0.17,  1.07,  4.06, 10.39, 13.81, 11.71,  9.83,  8.21, 29.24,  5.73,  3.21,  1.20,  0.73,  0.30,  0.21,  0.09,  0.00,  0.00,  0.00
2016 47   0.00,  0.00,  0.30,  1.11,  3.68,  9.87, 12.48, 12.95, 11.07,  9.36, 23.55,  6.45,  4.74,  2.39,  0.90,  0.68,  0.34,  0.13,  0.00,  0.00,  0.00
2016 48   0.00,  0.00,  0.04,  0.47,  1.79,  5.09,  9.19, 12.09, 15.43, 13.85, 15.60, 11.75,  6.20,  3.97,  2.74,  1.37,  0.38,  0.04,  0.00,  0.00,  0.00
2016 49   0.00,  0.00,  0.00,  0.26,  1.20,  3.08,  7.09, 10.00, 14.53, 15.73, 15.81, 13.76,  9.02,  4.40,  2.95,  1.41,  0.43,  0.30,  0.04,  0.00,  0.00
2016 50   0.00,  0.00,  0.00,  0.26,  0.90,  2.61,  7.61, 10.98, 16.58, 13.97, 14.15, 13.33,  9.70,  4.79,  2.86,  1.32,  0.38,  0.38,  0.13,  0.04,  0.00
2016 51   0.00,  0.00,  0.13,  0.34,  1.24,  3.97,  8.33, 13.72, 14.23, 15.21, 12.35, 12.78,  8.63,  4.53,  2.52,  1.11,  0.51,  0.30,  0.09,  0.00,  0.00
2016 52   0.00,  0.00,  0.13,  0.43,  1.88,  5.34,  9.96, 14.57, 14.57, 14.96, 13.85,  9.32,  7.31,  4.57,  1.54,  0.77,  0.51,  0.13,  0.13,  0.04,  0.00
2017 01   0.00,  0.00,  0.21,  0.85,  3.29,  6.50, 12.74, 15.34, 16.88, 14.49, 11.88,  8.55,  4.79,  2.78,  0.73,  0.34,  0.38,  0.21,  0.04,  0.00,  0.00
2017 02   0.00,  0.00,  0.04,  0.21,  1.54,  4.02,  9.40, 15.00, 18.12, 18.25, 13.89, 10.13,  5.13,  2.48,  0.90,  0.47,  0.38,  0.04,  0.00,  0.00,  0.00
2017 03   0.00,  0.00,  0.00,  0.09,  0.38,  1.45,  5.90, 10.73, 16.71, 19.44, 18.42, 13.93,  7.69,  3.59,  1.15,  0.43,  0.09,  0.00,  0.00,  0.00,  0.00
2017 04   0.00,  0.00,  0.00,  0.09,  0.21,  1.37,  5.09, 11.11, 16.07, 19.32, 19.27, 15.34,  7.61,  3.29,  1.03,  0.21,  0.00,  0.00,  0.00,  0.00,  0.00
2017 05   0.00,  0.00,  0.00,  0.04,  0.26,  1.75,  7.65, 15.77, 18.85, 20.51, 17.01, 10.21,  5.51,  2.09,  0.30,  0.04,  0.00,  0.00,  0.00,  0.00,  0.00
2017 06   0.00,  0.00,  0.00,  0.04,  0.26,  2.74, 10.60, 21.32, 24.87, 18.16, 12.69,  5.77,  2.52,  0.64,  0.38,  0.00,  0.00,  0.00,  0.00,  0.00,  0.00
2017 07   0.00,  0.00,  0.00,  0.00,  0.98,  6.79, 17.31, 27.86, 23.42, 14.02,  5.43,  2.99,  0.85,  0.26,  0.04,  0.04,  0.00,  0.00,  0.00,  0.00,  0.00
2017 08   0.00,  0.00,  0.04,  0.26,  2.61,  8.25, 20.56, 28.38, 21.32, 11.37,  4.40,  2.05,  0.43,  0.26,  0.09,  0.00,  0.00,  0.00,  0.00,  0.00,  0.00
2017 09   0.00,  0.00,  0.04,  0.60,  3.33,  7.91, 18.50, 24.32, 21.50, 13.93,  6.58,  2.09,  0.81,  0.34,  0.04,  0.00,  0.00,  0.00,  0.00,  0.00,  0.00
2017 10   0.00,  0.00,  0.26,  0.98,  4.23,  7.91, 14.87, 20.21, 22.48, 15.21,  8.89,  3.25,  1.41,  0.26,  0.04,  0.00,  0.00,  0.00,  0.00,  0.00,  0.00
2017 11   0.00,  0.09,  0.47,  3.21,  6.41, 10.04, 14.96, 19.91, 20.09, 14.19,  7.14,  2.44,  1.03,  0.04,  0.00,  0.00,  0.00,  0.00,  0.00,  0.00,  0.00
2017 12   0.00,  0.04,  0.77,  2.95,  6.54,  9.27, 11.79, 16.37, 19.36, 15.09, 10.17,  5.17,  2.14,  0.34,  0.00,  0.00,  0.00,  0.00,  0.00,  0.00,  0.00
2017 13   0.00,  0.21,  1.50,  3.42,  7.74,  8.12, 11.28, 13.68, 16.11, 15.51, 11.41,  6.58,  3.38,  1.03,  0.04,  0.00,  0.00,  0.00,  0.00,  0.00,  0.00
2017 14   0.13,  0.38,  2.78,  4.40,  7.74,  8.25,  9.79, 12.61, 13.93, 14.91, 11.50,  7.56,  3.80,  1.58,  0.47,  0.17,  0.00,  0.00,  0.00,  0.00,  0.00
2017 15   0.13,  0.77,  2.69,  4.57,  7.05,  7.61,  8.80, 11.15, 12.01, 13.21, 12.86,  8.42,  5.68,  2.78,  1.41,  0.56,  0.26,  0.04,  0.00,  0.00,  0.00
2017 16   0.09,  0.90,  3.04,  4.19,  6.84,  7.01,  8.08,  9.62, 10.39, 11.84, 11.33, 10.05,  7.10,  4.53,  2.52,  1.37,  0.64,  0.38,  0.09,  0.00,  0.00
2017 17   0.26,  1.20,  2.95,  4.66,  6.54,  6.20,  6.50,  7.48,  8.76,  9.45, 10.39,  9.02,  9.71,  6.71,  4.40,  2.61,  1.33,  0.98,  0.60,  0.17,  0.09
2017 18   0.56,  1.97,  3.33,  5.22,  6.07,  5.60,  5.99,  6.07,  7.14,  7.70,  8.98,  7.74,  8.59,  8.04,  5.77,  4.75,  3.08,  1.28,  1.11,  0.56,  0.47
2017 19   1.03,  2.52,  3.72,  4.70,  5.90,  4.96,  5.85,  5.34,  7.09,  6.84,  7.65,  8.08,  8.33,  7.39,  6.79,  4.96,  4.27,  1.71,  1.03,  0.98,  0.85
2017 20   1.58,  2.39,  3.97,  4.06,  5.64,  5.56,  5.04,  5.90,  6.11,  7.26,  6.41,  8.03,  8.55,  8.03,  7.01,  5.56,  4.02,  1.92,  1.54,  0.60,  0.81
2017 21   1.79,  2.35,  3.80,  4.23,  4.91,  4.96,  5.26,  5.47,  6.62,  6.07,  7.35,  7.56,  9.27,  8.21,  6.92,  5.90,  4.15,  2.39,  1.24,  0.85,  0.68
2017 22   1.75,  2.09,  2.65,  4.23,  4.23,  4.79,  5.26,  6.24,  6.20,  7.05,  7.35,  8.46,  8.93,  8.42,  7.65,  5.51,  4.19,  2.48,  1.15,  0.94,  0.43
2017 23   1.62,  1.28,  2.26,  3.33,  4.23,  4.87,  5.47,  5.73,  7.39,  7.09,  8.33,  9.83,  9.79,  9.87,  7.14,  5.43,  3.29,  1.84,  0.64,  0.30,  0.26
2017 24   1.11,  0.90,  1.28,  2.31,  3.42,  5.17,  5.34,  5.77,  6.97,  9.57, 10.34, 11.03, 11.32,  9.79,  7.26,  4.40,  2.22,  1.07,  0.43,  0.17,  0.13
2017 25   0.34,  0.34,  0.68,  1.24,  2.05,  3.85,  4.36,  5.81,  8.29,  9.79, 11.92, 12.86, 12.14, 11.24,  7.69,  4.32,  2.01,  0.64,  0.30,  0.13,  0.00
2017 26   0.21,  0.26,  0.26,  0.51,  1.67,  3.38,  3.68,  6.50,  7.65, 10.04, 13.08, 13.29, 13.03, 11.24,  7.52,  4.79,  1.88,  0.77,  0.13,  0.13,  0.00
2017 27   0.26,  0.21,  0.51,  0.60,  1.58,  2.61,  3.97,  4.91,  6.62,  9.87, 11.58, 13.89, 13.46, 11.15,  8.38,  5.77,  2.82,  1.28,  0.43,  0.09,  0.00
2017 28   0.34,  0.38,  0.60,  0.85,  1.41,  2.74,  3.68,  4.15,  6.67,  8.38,  9.49, 11.84, 12.09, 13.50, 10.26,  6.67,  4.32,  1.58,  0.90,  0.04,  0.13
2017 29   0.68,  0.47,  0.60,  0.98,  2.35,  2.61,  3.16,  5.30,  5.38,  7.14,  8.12, 11.50, 12.09, 12.56, 11.20,  7.61,  4.57,  2.22,  1.03,  0.30,  0.13
2017 30   0.94,  0.51,  1.20,  1.75,  2.52,  2.52,  3.63,  5.38,  6.11,  5.81,  8.93, 10.98, 11.71, 11.54, 10.73,  7.52,  4.66,  2.01,  0.94,  0.43,  0.17
2017 31   1.32,  0.94,  1.92,  2.35,  2.86,  3.16,  4.32,  4.87,  5.94,  7.65,  8.63, 10.51, 11.67,  9.96, 10.09,  6.54,  4.27,  1.58,  0.81,  0.38,  0.21
2017 32   2.18,  1.54,  1.92,  2.39,  2.91,  3.63,  4.91,  5.21,  6.07,  7.91,  8.38,  9.96, 10.34,  9.70,  8.50,  6.58,  4.06,  2.05,  1.24,  0.26,  0.26
2017 33   2.39,  1.58,  2.14,  3.03,  3.21,  4.10,  4.36,  4.96,  6.97,  7.65,  7.99,  8.85,  8.33,  8.72,  7.31,  7.22,  5.21,  3.16,  1.54,  0.60,  0.68
2017 34   2.44,  1.71,  2.35,  3.25,  4.02,  4.40,  4.87,  6.15,  7.05,  6.92,  8.59,  8.16,  7.56,  6.54,  7.95,  6.07,  4.79,  3.12,  2.05,  0.98,  1.03
2017 35   2.69,  2.26,  3.59,  2.86,  4.57,  6.32,  5.85,  6.50,  7.61,  8.97,  8.68,  7.31,  7.44,  7.14,  6.03,  4.83,  3.46,  2.01,  0.77,  0.60,  0.51
2017 36   2.39,  2.05,  2.95,  4.06,  5.00,  6.32,  7.74,  7.26,  8.21,  9.79,  8.97,  8.38,  6.62,  6.28,  5.73,  3.59,  2.35,  1.41,  0.38,  0.26,  0.26
2017 37   1.07,  1.58,  2.52,  3.25,  4.87,  6.03,  7.40,  9.36,  9.32,  9.49,  8.42,  9.49,  7.99,  6.07,  4.87,  4.06,  2.27,  0.94,  0.51,  0.30,  0.17
2017 38   0.47,  0.90,  2.05,  3.16,  4.91,  5.85,  8.21, 10.38,  9.96, 10.77, 10.26,  8.55,  7.82,  5.30,  4.70,  3.08,  1.79,  0.98,  0.56,  0.21,  0.09
2017 39   0.21,  0.34,  1.11,  2.91,  5.17,  6.11,  9.02, 11.92, 10.17, 11.75, 10.73,  8.50,  7.52,  5.21,  3.85,  2.86,  1.41,  0.56,  0.43,  0.17,  0.04
2017 40   0.04,  0.13,  0.43,  1.45,  3.21,  6.63,  7.87, 11.17, 10.53, 12.88, 11.04, 10.06,  7.74,  5.52,  4.11,  3.38,  1.97,  0.98,  0.51,  0.17,  0.17
2017 41   0.00,  0.04,  0.04,  0.21,  1.15,  3.51,  4.88,  9.32, 12.32, 13.09, 13.00, 11.25,  9.92,  7.53,  5.13,  3.68,  2.18,  1.58,  0.51,  0.43,  0.21
2017 42   0.00,  0.00,  0.00,  0.34,  0.94,  2.65,  5.52,  8.21, 10.94, 13.25, 16.76, 13.08, 10.73,  6.11,  4.57,  3.12,  1.62,  0.94,  0.68,  0.21,  0.30
2017 43   0.00,  0.00,  0.04,  0.26,  1.03,  3.34,  5.73,  9.15, 12.53, 12.79, 18.14, 13.00,  8.21,  6.24,  4.36,  2.22,  1.33,  0.81,  0.47,  0.26,  0.09
2017 44   0.00,  0.00,  0.30,  0.30,  2.48,  5.04,  9.11, 12.53, 12.53, 12.44, 18.64,  9.96,  6.71,  4.19,  3.08,  1.45,  0.51,  0.38,  0.21,  0.00,  0.13
2017 45   0.00,  0.04,  0.30,  1.33,  3.85,  8.59, 11.97, 13.17, 12.87, 11.24, 15.31,  7.91,  5.69,  3.85,  1.97,  0.94,  0.68,  0.17,  0.00,  0.04,  0.09
2017 46   0.00,  0.04,  0.68,  1.58,  4.28, 10.05, 12.40, 12.40, 13.04, 11.16, 13.72,  8.25,  5.52,  3.25,  1.67,  1.50,  0.21,  0.09,  0.13,  0.00,  0.04
2017 47   0.00,  0.04,  0.43,  1.79,  3.63,  8.25, 10.94, 12.44, 12.22, 11.58, 14.62,  8.76,  6.32,  4.23,  2.14,  1.75,  0.56,  0.09,  0.09,  0.13,  0.00
2017 48   0.00,  0.00,  0.26,  0.64,  2.74,  5.26,  8.68, 12.44, 13.25, 13.38, 12.65, 12.14,  7.48,  5.09,  2.74,  1.67,  1.11,  0.34,  0.04,  0.13,  0.00
2017 49   0.00,  0.00,  0.26,  0.43,  1.88,  3.97,  7.18, 10.47, 13.03, 13.55, 12.56, 11.07, 10.73,  6.41,  4.02,  2.31,  1.28,  0.60,  0.17,  0.09,  0.00
2017 50   0.00,  0.00,  0.21,  0.47,  1.71,  3.85,  9.15, 11.03, 13.59, 13.12, 13.12, 11.11,  8.59,  6.03,  3.89,  2.18,  1.32,  0.47,  0.04,  0.09,  0.04
2017 51   0.00,  0.04,  0.17,  0.98,  3.55,  5.51, 10.47, 11.84, 13.68, 12.99, 13.21,  9.70,  6.67,  4.91,  3.29,  1.67,  0.64,  0.38,  0.21,  0.09,  0.00
2017 52   0.00,  0.04,  0.17,  1.32,  4.19,  6.67,  9.27, 13.16, 12.74, 11.15, 14.83,  9.83,  7.05,  4.53,  2.31,  1.50,  0.77,  0.17,  0.21,  0.09,  0.00
2018 01   0.00,  0.00,  0.21,  0.81,  3.33,  5.73,  9.27, 11.71, 13.29, 14.87, 15.09, 10.13,  7.22,  3.89,  2.26,  1.45,  0.64,  0.04,  0.00,  0.04,  0.00
2018 02   0.00,  0.00,  0.00,  0.09,  1.11,  3.85,  6.67, 10.60, 12.52, 15.38, 15.09, 12.86, 10.00,  5.51,  3.29,  2.05,  0.77,  0.13,  0.09,  0.00,  0.00
2018 03   0.00,  0.00,  0.00,  0.00,  0.17,  1.37,  4.02,  7.31, 12.39, 17.01, 16.79, 15.38, 11.03,  7.05,  4.79,  1.67,  0.85,  0.13,  0.04,  0.00,  0.00
2018 04   0.00,  0.00,  0.00,  0.00,  0.04,  0.51,  2.26,  6.20, 10.30, 17.78, 18.03, 16.54, 13.80,  7.69,  4.44,  1.75,  0.60,  0.04,  0.00,  0.00,  0.00
2018 05   0.00,  0.00,  0.00,  0.00,  0.00,  0.26,  2.52,  6.24, 13.85, 17.61, 19.79, 16.67, 11.20,  7.52,  2.61,  1.37,  0.30,  0.09,  0.00,  0.00,  0.00
2018 06   0.00,  0.00,  0.00,  0.00,  0.00,  0.04,  2.22,  7.39, 16.58, 21.54, 20.26, 14.44,  9.74,  4.62,  2.48,  0.47,  0.13,  0.04,  0.04,  0.00,  0.00
2018 07   0.00,  0.00,  0.00,  0.00,  0.00,  0.09,  1.97,  8.03, 19.27, 23.68, 18.42, 14.36,  8.29,  3.76,  1.50,  0.43,  0.13,  0.00,  0.04,  0.04,  0.00
2018 08   0.00,  0.00,  0.00,  0.00,  0.00,  0.00,  0.68,  5.47, 15.26, 23.16, 21.58, 16.24, 10.60,  4.57,  1.75,  0.51,  0.09,  0.04,  0.00,  0.04,  0.00
2018 09   0.00,  0.00,  0.00,  0.00,  0.00,  0.00,  0.09,  1.45,  7.18, 16.37, 21.88, 20.81, 17.39,  9.70,  3.80,  1.03,  0.17,  0.09,  0.04,  0.00,  0.00
</pre></tt>