VHI_Parea data for UKR  Province= 4: Crimea,  from 1981 to 2018<br>The data below were extracted from weekly files like: ../NPP_VH/4km/ts_L1_v1/ByWeek/VHP_L1_VHI_Parea_201301.txt<br><tt><pre>year,week,, provinceID, 0, 5, 10, 15, 20, 25, 30, 35, 40, 45, 50, 55, 60, 65, 70, 75, 80, 85, 90, 95,100
2013 01   0.05,  0.47,  2.66,  6.37, 14.32, 13.53, 13.22, 13.95, 10.82,  9.61,  7.73,  3.97,  1.67,  1.10,  0.31,  0.10,  0.00,  0.10,  0.00,  0.00,  0.00
2013 02   0.16,  0.47,  3.50,  8.10, 13.74, 13.90, 14.79, 13.27, 11.23,  8.57,  8.15,  2.40,  1.15,  0.26,  0.16,  0.05,  0.00,  0.10,  0.00,  0.00,  0.00
2013 03   0.10,  0.58,  3.82,  9.30, 14.85, 16.05, 14.79, 12.13, 10.14,  7.95,  7.42,  1.99,  0.78,  0.05,  0.05,  0.00,  0.00,  0.00,  0.00,  0.00,  0.00
2013 04   0.05,  0.37,  3.97, 11.66, 15.27, 17.21, 14.07,  9.94,  9.99,  8.53,  7.32,  1.15,  0.31,  0.16,  0.00,  0.00,  0.00,  0.00,  0.00,  0.00,  0.00
2013 05   0.05,  0.37,  4.45, 10.68, 16.17, 16.33, 15.07,  9.94,  8.95,  9.31,  7.48,  0.89,  0.26,  0.05,  0.00,  0.00,  0.00,  0.00,  0.00,  0.00,  0.00
2013 06   0.05,  0.31,  3.77,  9.63, 14.29, 16.38, 15.86, 11.15,  8.74,  9.73,  8.16,  1.67,  0.16,  0.10,  0.00,  0.00,  0.00,  0.00,  0.00,  0.00,  0.00
2013 07   0.05,  0.26,  2.51,  7.48, 13.50, 14.18, 16.43, 12.66, 10.47, 10.15,  8.90,  2.51,  0.73,  0.16,  0.00,  0.00,  0.00,  0.00,  0.00,  0.00,  0.00
2013 08   0.05,  0.05,  1.26,  5.55, 11.15, 13.45, 15.02, 15.33, 10.88, 11.67, 10.78,  3.45,  0.84,  0.47,  0.05,  0.00,  0.00,  0.00,  0.00,  0.00,  0.00
2013 09   0.05,  0.05,  0.94,  3.92,  9.89, 12.14, 13.61, 15.44, 12.87, 11.83, 11.56,  5.08,  1.99,  0.47,  0.10,  0.05,  0.00,  0.00,  0.00,  0.00,  0.00
2013 10   0.05,  0.05,  0.73,  2.83,  8.17, 11.62, 12.51, 14.71, 12.98, 12.98, 12.57,  6.91,  2.62,  0.89,  0.26,  0.10,  0.00,  0.00,  0.00,  0.00,  0.00
2013 11   0.00,  0.00,  0.79,  2.78,  5.92, 10.90, 12.68, 13.99, 12.57, 13.93, 11.16,  7.91,  4.56,  1.83,  0.89,  0.00,  0.05,  0.00,  0.00,  0.00,  0.05
2013 12   0.05,  0.00,  0.58,  2.36,  5.61,  8.70, 10.84, 12.31, 13.46, 14.30, 12.31,  8.64,  5.55,  3.51,  1.05,  0.52,  0.10,  0.00,  0.05,  0.00,  0.05
2013 13   0.05,  0.00,  0.31,  1.68,  4.40,  6.65,  9.64, 10.58, 11.05, 14.72, 12.15, 11.00,  7.75,  4.87,  2.57,  1.47,  0.68,  0.31,  0.05,  0.00,  0.05
2013 14   0.05,  0.05,  0.16,  1.36,  3.19,  5.29,  7.96, 10.37, 10.26, 12.88, 12.77, 11.20,  8.53,  7.49,  4.35,  2.04,  1.52,  0.47,  0.00,  0.00,  0.05
2013 15   0.10,  0.00,  0.21,  1.31,  3.46,  5.18,  7.33, 10.73, 12.20, 12.88, 11.68, 11.57,  8.38,  6.54,  4.29,  2.30,  1.26,  0.31,  0.16,  0.05,  0.05
2013 16   0.16,  0.00,  0.58,  1.83,  4.18,  5.33,  7.68, 11.81, 13.43, 15.16, 12.08,  8.78,  6.74,  5.12,  3.87,  1.83,  0.89,  0.31,  0.10,  0.05,  0.05
2013 17   0.10,  0.16,  0.84,  2.62,  4.60,  7.06,  9.57, 13.86, 15.17, 12.60, 10.83,  6.75,  5.60,  4.45,  3.03,  1.46,  0.84,  0.26,  0.16,  0.00,  0.05
2013 18   0.16,  0.63,  1.88,  4.13,  5.97,  9.84, 11.88, 14.65, 13.71, 11.77,  9.11,  6.17,  3.56,  3.30,  1.62,  0.99,  0.42,  0.10,  0.05,  0.05,  0.00
2013 19   0.47,  2.83,  3.51,  6.54,  9.94, 12.30, 13.24, 11.88, 10.99,  9.89,  6.38,  5.29,  2.41,  2.25,  0.99,  0.52,  0.42,  0.16,  0.00,  0.00,  0.00
2013 20   3.35,  4.76,  8.42, 10.05, 11.46, 11.41, 12.35,  9.52,  8.95,  6.33,  4.71,  3.35,  2.30,  1.41,  0.78,  0.42,  0.31,  0.10,  0.00,  0.00,  0.00
2013 21   8.90,  7.54,  9.90, 10.73, 11.20, 10.73, 10.05,  7.17,  6.44,  5.29,  4.50,  2.77,  2.09,  1.26,  0.79,  0.47,  0.10,  0.05,  0.00,  0.00,  0.00
2013 22  10.99,  8.48,  9.84, 10.37, 10.58,  9.69,  8.74,  6.96,  6.18,  5.13,  4.35,  3.82,  2.25,  1.36,  0.63,  0.52,  0.10,  0.00,  0.00,  0.00,  0.00
2013 23  10.65,  9.08,  9.44,  9.34, 10.81,  8.71,  7.66,  8.97,  6.40,  5.14,  4.67,  3.36,  2.57,  1.94,  0.94,  0.16,  0.10,  0.05,  0.00,  0.00,  0.00
2013 24   8.94,  7.15,  8.57, 10.15,  9.99,  8.78,  9.10,  7.62,  7.52,  5.84,  5.52,  3.58,  3.00,  2.31,  1.10,  0.58,  0.16,  0.11,  0.00,  0.00,  0.00
2013 25   5.11,  5.01,  5.74,  7.90,  9.54,  8.90,  9.75,  9.64,  8.69,  7.69,  6.64,  4.00,  3.90,  3.95,  1.79,  0.90,  0.68,  0.11,  0.05,  0.00,  0.00
2013 26   3.42,  2.68,  4.89,  5.37,  7.68,  9.05,  9.95,  9.53,  9.95,  9.00,  7.47,  6.11,  4.79,  4.16,  2.63,  2.16,  0.42,  0.53,  0.21,  0.00,  0.00
2013 27   2.26,  2.15,  3.52,  4.47,  6.25,  8.36,  9.72, 10.40,  9.51,  9.25,  9.35,  6.88,  5.78,  3.94,  3.99,  2.21,  1.00,  0.79,  0.16,  0.00,  0.00
2013 28   1.37,  1.94,  2.73,  3.99,  5.30,  7.67,  8.98, 11.45,  8.30, 10.29,  9.51,  7.98,  6.51,  5.30,  4.20,  2.15,  1.31,  0.68,  0.21,  0.11,  0.00
2013 29   0.68,  1.63,  2.15,  3.47,  5.67,  7.72,  7.67, 10.50,  9.09, 10.87,  9.98,  7.62,  7.51,  6.41,  4.25,  2.84,  1.47,  0.42,  0.05,  0.00,  0.00
2013 30   0.95,  1.05,  2.52,  3.79,  5.99,  7.31,  9.62,  9.88,  9.04, 10.30,  9.52,  7.68,  7.62,  6.41,  4.57,  2.26,  1.10,  0.26,  0.11,  0.00,  0.00
2013 31   1.00,  1.47,  3.15,  4.21,  5.99,  8.04, 11.09,  9.52,  9.67,  9.46,  9.25,  8.36,  6.20,  6.10,  3.47,  2.00,  0.63,  0.32,  0.05,  0.00,  0.00
2013 32   0.90,  2.37,  3.21,  5.79,  7.06,  9.79, 10.90,  9.48,  9.22, 10.22,  8.90,  7.42,  5.53,  4.05,  3.11,  1.11,  0.68,  0.21,  0.05,  0.00,  0.00
2013 33   1.11,  2.11,  3.44,  7.24,  8.51,  9.62, 11.52, 10.99, 10.25, 10.47,  7.88,  5.60,  4.12,  3.22,  1.96,  1.16,  0.37,  0.42,  0.00,  0.00,  0.00
2013 34   0.37,  1.75,  3.17,  5.39, 10.05, 10.52, 12.43, 13.59, 10.95,  9.99,  6.66,  4.97,  3.70,  3.01,  1.80,  0.53,  0.74,  0.21,  0.16,  0.00,  0.00
2013 35   0.27,  0.74,  1.70,  4.84,  7.81, 11.74, 14.72, 15.09, 12.96,  9.09,  7.01,  4.84,  2.60,  2.13,  2.07,  1.01,  0.90,  0.21,  0.16,  0.11,  0.00
2013 36   0.00,  0.11,  0.90,  2.13,  5.59,  9.20, 15.69, 15.69, 15.69, 11.65,  8.30,  4.89,  3.30,  2.13,  1.76,  1.33,  0.96,  0.43,  0.21,  0.05,  0.00
2013 37   0.00,  0.00,  0.16,  0.53,  2.12,  6.89, 12.67, 15.16, 17.44, 14.47, 12.08,  6.62,  4.61,  2.07,  2.07,  1.06,  1.17,  0.64,  0.21,  0.00,  0.05
2013 38   0.00,  0.00,  0.00,  0.05,  0.64,  2.17,  7.41, 13.23, 16.04, 16.89, 16.41, 11.01,  6.99,  3.23,  2.28,  1.85,  0.85,  0.74,  0.11,  0.00,  0.11
2013 39   0.00,  0.00,  0.00,  0.00,  0.26,  1.00,  3.48,  8.21, 14.32, 17.69, 17.48, 13.32,  9.85,  5.85,  4.27,  2.21,  1.05,  0.68,  0.21,  0.00,  0.11
2013 40   0.00,  0.00,  0.00,  0.11,  0.11,  0.74,  2.68,  6.73, 11.82, 16.71, 17.03, 14.61, 11.25,  7.57,  5.47,  2.79,  1.47,  0.53,  0.26,  0.00,  0.16
2013 41   0.00,  0.00,  0.05,  0.10,  0.16,  1.10,  3.36,  6.19, 13.01, 14.95, 15.74, 14.01, 11.75,  8.50,  5.61,  3.04,  1.47,  0.68,  0.10,  0.05,  0.10
2013 42   0.00,  0.00,  0.05,  0.21,  0.52,  1.52,  4.45,  7.74, 12.45, 15.33, 13.34, 13.50, 10.88,  9.11,  4.81,  3.40,  1.83,  0.63,  0.05,  0.10,  0.05
2013 43   0.00,  0.00,  0.16,  0.52,  1.15,  3.82,  6.86, 10.94, 14.08, 16.07, 12.93, 10.31,  8.85,  6.18,  4.03,  2.72,  1.10,  0.16,  0.10,  0.00,  0.00
2013 44   0.00,  0.16,  0.31,  1.31,  3.93,  7.17, 10.84, 14.71, 15.34, 14.08, 11.10,  9.11,  5.81,  3.61,  1.47,  0.63,  0.26,  0.16,  0.00,  0.00,  0.00
2013 45   0.00,  0.10,  0.94,  1.78,  4.75,  7.73, 13.32, 15.62, 15.31, 14.99, 10.19,  9.04,  3.81,  1.83,  0.37,  0.16,  0.05,  0.00,  0.00,  0.00,  0.00
2013 46   0.00,  0.10,  0.37,  1.31,  3.71,  6.80, 10.51, 14.64, 18.03, 11.81, 16.26, 10.14,  4.29,  1.10,  0.68,  0.10,  0.16,  0.00,  0.00,  0.00,  0.00
2013 47   0.00,  0.00,  0.42,  1.10,  2.98,  5.02,  8.46, 11.29, 16.04, 16.20, 19.17, 12.85,  4.28,  1.10,  0.94,  0.10,  0.05,  0.00,  0.00,  0.00,  0.00
2013 48   0.00,  0.00,  0.52,  0.42,  2.25,  3.92,  5.90,  9.82, 14.58, 16.20, 25.55, 14.37,  4.08,  1.72,  0.68,  0.00,  0.00,  0.00,  0.00,  0.00,  0.00
2013 49   0.00,  0.00,  0.31,  0.42,  2.25,  2.82,  4.96, 10.29, 10.97, 13.90, 29.00, 15.94,  5.85,  2.82,  0.26,  0.16,  0.05,  0.00,  0.00,  0.00,  0.00
2013 50   0.00,  0.00,  0.42,  0.52,  1.83,  2.61,  4.75,  8.25, 11.70, 12.23, 30.67, 15.52,  7.00,  2.93,  0.94,  0.47,  0.10,  0.00,  0.05,  0.00,  0.00
2013 51   0.00,  0.00,  0.31,  1.10,  1.88,  2.87,  5.69,  7.16, 12.59, 13.06, 31.77, 13.38,  7.05,  2.04,  0.63,  0.37,  0.05,  0.00,  0.05,  0.00,  0.00
2013 52   0.00,  0.00,  0.52,  1.41,  2.09,  3.55,  6.06,  9.30, 12.23, 13.85, 32.86, 11.49,  4.44,  1.41,  0.57,  0.21,  0.00,  0.00,  0.00,  0.00,  0.00
2014 01   0.00,  0.10,  0.47,  1.62,  2.19,  3.61,  6.90,  9.20, 12.85, 14.37, 33.70,  9.93,  3.13,  1.31,  0.57,  0.05,  0.00,  0.00,  0.00,  0.00,  0.00
2014 02   0.00,  0.05,  0.42,  1.83,  2.40,  3.50,  6.53,  9.87, 13.38, 15.10, 32.34,  9.51,  3.03,  1.31,  0.63,  0.05,  0.05,  0.00,  0.00,  0.00,  0.00
2014 03   0.00,  0.00,  0.52,  1.57,  3.14,  4.18,  7.42,  9.15, 13.70, 16.36, 27.71, 10.72,  3.55,  1.15,  0.47,  0.21,  0.10,  0.05,  0.00,  0.00,  0.00
2014 04   0.00,  0.10,  0.84,  1.31,  3.71,  5.33,  8.68, 11.04, 15.01, 16.95, 25.16,  8.53,  2.14,  0.58,  0.21,  0.05,  0.21,  0.00,  0.05,  0.00,  0.10
2014 05   0.00,  0.10,  0.68,  1.67,  4.03,  6.70,  8.79, 12.40, 16.06, 17.90, 22.45,  6.12,  1.99,  0.73,  0.21,  0.05,  0.05,  0.00,  0.00,  0.00,  0.05
2014 06   0.00,  0.00,  0.63,  1.57,  3.51,  6.65,  9.00, 12.93, 16.01, 18.42, 22.50,  5.70,  2.20,  0.63,  0.21,  0.00,  0.00,  0.00,  0.00,  0.00,  0.05
2014 07   0.00,  0.00,  0.37,  1.31,  3.35,  5.23,  7.59, 12.61, 14.91, 19.99, 26.16,  5.55,  2.35,  0.37,  0.16,  0.00,  0.00,  0.00,  0.00,  0.00,  0.05
2014 08   0.00,  0.00,  0.31,  0.89,  2.51,  4.45,  6.44, 10.15, 14.65, 19.57, 31.71,  6.75,  1.88,  0.47,  0.21,  0.00,  0.00,  0.00,  0.00,  0.00,  0.00
2014 09   0.00,  0.00,  0.21,  0.73,  1.94,  3.98,  5.13,  8.95, 13.29, 19.62, 34.85,  8.90,  2.04,  0.26,  0.10,  0.00,  0.00,  0.00,  0.00,  0.00,  0.00
2014 10   0.00,  0.00,  0.16,  0.99,  1.68,  2.67,  4.71,  7.02, 11.88, 17.17, 38.12, 11.68,  3.25,  0.58,  0.10,  0.00,  0.00,  0.00,  0.00,  0.00,  0.00
2014 11   0.00,  0.00,  0.31,  0.73,  1.83,  3.04,  4.56,  7.18, 10.53, 15.61, 32.74, 16.24,  5.55,  1.26,  0.26,  0.10,  0.00,  0.05,  0.00,  0.00,  0.00
2014 12   0.00,  0.00,  0.16,  0.94,  1.62,  3.09,  3.04,  5.71, 10.01, 14.09, 33.32, 17.65,  7.18,  2.36,  0.79,  0.05,  0.00,  0.00,  0.00,  0.00,  0.00
2014 13   0.00,  0.00,  0.16,  1.05,  1.89,  2.57,  2.99,  5.50,  9.43, 13.83, 27.92, 17.92,  9.90,  4.40,  2.04,  0.31,  0.00,  0.05,  0.00,  0.00,  0.05
2014 14   0.00,  0.00,  0.47,  0.94,  1.94,  2.20,  3.51,  4.97,  9.42, 12.72, 21.73, 19.48, 11.36,  6.70,  2.98,  0.94,  0.42,  0.16,  0.00,  0.05,  0.00
2014 15   0.00,  0.05,  0.37,  1.15,  1.52,  2.46,  3.46,  5.76,  8.69, 12.57, 17.54, 18.48, 12.77,  6.70,  4.82,  2.09,  0.89,  0.47,  0.21,  0.00,  0.00
2014 16   0.05,  0.16,  0.31,  0.99,  2.14,  2.72,  4.23,  6.95,  7.89, 11.34, 15.79, 14.95, 12.39,  8.36,  5.23,  3.66,  1.78,  0.68,  0.31,  0.05,  0.00
2014 17   0.10,  0.16,  0.47,  1.20,  2.51,  3.24,  5.23,  5.86,  7.01,  9.99, 10.51, 13.44, 11.77,  9.62,  7.53,  4.92,  3.97,  1.31,  0.99,  0.16,  0.00
2014 18   0.10,  0.42,  0.68,  2.04,  2.09,  3.61,  4.81,  5.76,  5.97,  7.69,  9.99, 11.15, 10.88, 11.30,  7.69,  6.70,  4.66,  2.77,  1.26,  0.42,  0.00
2014 19   0.37,  0.58,  1.52,  2.15,  3.19,  4.08,  4.24,  5.60,  5.86,  8.74,  8.79, 10.78, 11.36,  9.21,  7.90,  5.81,  4.19,  3.04,  1.67,  0.78,  0.16
2014 20   0.89,  1.20,  2.15,  2.25,  3.19,  4.29,  5.44,  6.38,  8.11,  8.90,  9.11, 10.47,  8.84,  8.32,  6.59,  4.50,  4.08,  2.93,  1.78,  0.42,  0.16
2014 21   1.83,  1.26,  2.88,  3.40,  3.87,  5.81,  7.12,  8.80,  8.59,  9.74,  9.95,  8.74,  6.70,  5.92,  5.97,  3.82,  2.57,  1.73,  0.89,  0.26,  0.16
2014 22   1.52,  2.41,  3.14,  4.03,  5.13,  7.33,  8.22,  9.11, 10.47,  9.06,  9.84,  6.91,  7.12,  6.23,  3.72,  2.72,  1.68,  0.84,  0.42,  0.05,  0.05
2014 23   2.05,  1.47,  3.73,  4.67,  6.30,  8.13,  8.39,  9.71, 10.18,  9.08,  8.08,  7.87,  6.87,  5.30,  3.73,  2.68,  1.00,  0.47,  0.16,  0.10,  0.05
2014 24   1.63,  1.84,  4.05,  5.21,  5.63,  9.20,  8.41,  9.46,  8.62,  9.78,  8.94,  6.94,  6.20,  5.52,  4.15,  1.95,  1.42,  0.63,  0.32,  0.11,  0.00
2014 25   1.58,  1.63,  3.11,  5.80,  5.74,  8.01,  9.33,  8.75,  9.27,  8.27,  9.22,  7.85,  6.16,  6.27,  3.32,  2.37,  1.79,  0.74,  0.32,  0.47,  0.00
2014 26   1.37,  1.89,  2.63,  5.58,  4.79,  8.95,  9.37,  9.26,  9.37, 10.05,  8.68,  7.53,  6.58,  5.32,  2.58,  2.68,  1.58,  0.95,  0.53,  0.26,  0.05
2014 27   1.42,  1.89,  2.89,  4.15,  6.04,  9.20,  9.09, 10.46,  9.62, 10.14,  9.09,  7.15,  6.41,  4.41,  2.73,  2.36,  1.52,  0.74,  0.37,  0.26,  0.05
2014 28   1.84,  2.00,  2.63,  4.15,  7.30,  9.14,  9.61, 11.13,  9.93, 10.40,  8.46,  7.35,  5.67,  4.20,  2.21,  1.94,  1.00,  0.58,  0.37,  0.11,  0.00
2014 29   1.94,  2.31,  3.26,  4.83,  7.77, 10.61, 10.03, 10.92, 11.87,  8.19,  7.93,  6.62,  6.20,  2.99,  2.31,  1.37,  0.58,  0.21,  0.05,  0.00,  0.00
2014 30   2.68,  2.73,  3.89,  6.36,  8.99, 11.46, 10.41, 11.30,  9.36,  8.15,  7.94,  5.73,  4.89,  2.94,  1.84,  1.00,  0.21,  0.05,  0.00,  0.05,  0.00
2014 31   3.42,  3.52,  4.26,  7.73, 10.62, 10.67, 10.94, 10.41,  8.94,  7.78,  6.89,  5.63,  4.42,  2.68,  1.26,  0.63,  0.16,  0.00,  0.00,  0.00,  0.05
2014 32   3.42,  4.84,  5.63,  9.32, 10.85, 11.01, 11.32,  9.53,  8.53,  6.53,  5.85,  6.06,  3.42,  2.05,  1.11,  0.37,  0.11,  0.00,  0.00,  0.00,  0.05
2014 33   3.33,  4.65,  8.30, 10.47, 11.79, 12.05, 10.52,  8.72,  8.30,  5.81,  5.97,  4.44,  2.70,  1.48,  0.85,  0.42,  0.16,  0.00,  0.00,  0.00,  0.05
2014 34   3.44,  5.92,  9.57, 11.90, 13.01, 12.37,  9.36,  8.67,  7.19,  6.40,  4.60,  2.91,  2.27,  1.11,  0.74,  0.37,  0.11,  0.00,  0.00,  0.00,  0.05
2014 35   3.45,  6.00, 10.04, 13.66, 13.02, 13.02,  8.98,  8.02,  6.85,  5.90,  3.93,  2.76,  1.70,  1.06,  0.96,  0.48,  0.11,  0.00,  0.00,  0.00,  0.05
2014 36   1.91,  5.32,  8.67, 13.14, 14.26, 14.20, 11.44,  7.61,  7.34,  5.16,  3.72,  3.09,  1.65,  1.12,  0.85,  0.32,  0.11,  0.05,  0.05,  0.00,  0.00
2014 37   0.85,  2.97,  5.56, 12.29, 15.58, 13.88, 13.94, 10.86,  7.47,  5.62,  3.55,  3.87,  1.17,  1.11,  0.85,  0.16,  0.21,  0.05,  0.00,  0.00,  0.00
2014 38   0.32,  1.22,  4.39,  8.10, 13.82, 13.98, 15.83, 11.96, 10.06,  7.20,  4.61,  3.81,  2.12,  1.11,  1.01,  0.26,  0.21,  0.00,  0.00,  0.00,  0.00
2014 39   0.05,  0.58,  2.05,  5.48,  9.79, 11.90, 13.48, 15.38, 12.06,  9.79,  7.95,  4.63,  3.42,  1.63,  1.00,  0.63,  0.16,  0.00,  0.00,  0.00,  0.00
2014 40   0.05,  0.11,  0.84,  2.57,  5.73,  8.20, 11.51, 13.35, 14.29, 12.98, 11.35,  7.78,  5.89,  2.52,  1.52,  1.00,  0.21,  0.11,  0.00,  0.00,  0.00
2014 41   0.00,  0.00,  0.16,  1.42,  3.25,  6.35,  8.81, 10.55, 13.80, 14.95, 14.22,  9.86,  7.82,  4.56,  2.41,  1.15,  0.52,  0.05,  0.10,  0.00,  0.00
2014 42   0.00,  0.00,  0.16,  0.63,  2.62,  5.76,  8.37, 11.88, 12.77, 14.13, 15.54, 11.25,  7.54,  4.81,  2.56,  1.31,  0.47,  0.21,  0.00,  0.00,  0.00
2014 43   0.00,  0.10,  0.21,  1.20,  3.30,  8.53, 10.00, 12.36, 14.45, 13.98, 14.45,  9.63,  5.34,  3.14,  1.88,  0.94,  0.26,  0.16,  0.00,  0.05,  0.00
2014 44   0.00,  0.16,  0.58,  3.19,  6.81, 10.21, 11.31, 13.30, 14.61, 13.30, 11.57,  6.65,  4.19,  2.57,  0.73,  0.47,  0.26,  0.05,  0.00,  0.00,  0.05
2014 45   0.00,  0.16,  2.14,  3.71,  6.95, 10.24, 12.07, 14.26, 14.79, 14.00,  9.20,  6.06,  3.03,  2.09,  0.84,  0.21,  0.16,  0.05,  0.00,  0.05,  0.00
2014 46   0.00,  0.10,  1.73,  3.76,  7.63,  9.41, 11.66, 15.84, 14.95, 14.27, 10.45,  5.23,  2.77,  1.31,  0.63,  0.05,  0.05,  0.10,  0.05,  0.00,  0.00
2014 47   0.00,  0.00,  0.68,  3.29,  7.73, 11.02, 12.07, 14.42, 16.67, 13.17, 11.08,  5.28,  2.98,  0.78,  0.57,  0.16,  0.05,  0.05,  0.00,  0.00,  0.00
2014 48   0.00,  0.00,  0.31,  2.56,  7.89, 11.91, 12.70, 15.94, 15.57, 12.96,  9.98,  5.69,  3.03,  0.89,  0.47,  0.00,  0.10,  0.00,  0.00,  0.00,  0.00
2014 49   0.00,  0.00,  0.16,  2.30,  6.01, 11.86, 13.11, 14.99, 16.82, 14.11,  9.61,  6.01,  3.08,  1.04,  0.63,  0.21,  0.00,  0.05,  0.00,  0.00,  0.00
2014 50   0.00,  0.00,  0.26,  1.78,  6.17,  8.83, 13.58, 14.21, 15.99, 14.68, 11.86,  6.53,  3.45,  1.15,  0.99,  0.31,  0.16,  0.00,  0.00,  0.05,  0.00
2014 51   0.00,  0.00,  0.31,  2.35,  5.64,  7.73, 11.81, 14.05, 16.46, 14.94, 12.59,  7.89,  3.24,  1.67,  0.73,  0.31,  0.16,  0.10,  0.00,  0.00,  0.00
2014 52   0.00,  0.05,  0.63,  2.35,  5.64,  8.93, 12.23, 14.16, 15.94, 15.20, 12.23,  6.74,  2.93,  1.46,  0.94,  0.31,  0.16,  0.10,  0.00,  0.00,  0.00
2015 01   0.00,  0.10,  0.73,  3.45,  5.38,  9.77, 11.55, 14.52, 18.29, 13.74, 12.23,  5.28,  2.66,  1.25,  0.78,  0.16,  0.05,  0.05,  0.00,  0.00,  0.00
2015 02   0.00,  0.16,  0.84,  3.40,  6.43,  9.98, 12.28, 16.04, 16.72, 14.94, 11.76,  4.39,  1.67,  0.73,  0.47,  0.10,  0.05,  0.05,  0.00,  0.00,  0.00
2015 03   0.00,  0.16,  0.99,  4.29,  6.90, 10.72, 13.12, 15.11, 17.20, 16.05, 11.03,  3.03,  0.68,  0.42,  0.16,  0.16,  0.00,  0.00,  0.00,  0.00,  0.00
2015 04   0.05,  0.26,  1.52,  5.70,  7.85, 10.36, 13.28, 15.43, 19.51, 13.81, 10.62,  0.94,  0.16,  0.26,  0.16,  0.00,  0.10,  0.00,  0.00,  0.00,  0.00
2015 05   0.00,  0.21,  1.99,  5.44,  8.22, 11.51, 14.70, 17.06, 18.73, 13.03,  7.33,  1.36,  0.26,  0.00,  0.05,  0.05,  0.00,  0.05,  0.00,  0.00,  0.00
2015 06   0.00,  0.16,  1.52,  4.60,  7.95, 10.20, 14.18, 17.69, 19.41, 13.50,  8.48,  1.78,  0.31,  0.05,  0.05,  0.05,  0.00,  0.00,  0.05,  0.00,  0.00
2015 07   0.00,  0.10,  0.73,  3.19,  6.59,  8.95, 11.09, 15.75, 19.78, 16.85, 12.87,  3.09,  0.89,  0.00,  0.00,  0.05,  0.00,  0.05,  0.00,  0.00,  0.00
2015 08   0.00,  0.05,  0.63,  2.20,  4.45,  8.06, 10.68, 14.08, 16.38, 20.88, 15.59,  5.76,  0.99,  0.05,  0.10,  0.10,  0.00,  0.00,  0.00,  0.00,  0.00
2015 09   0.00,  0.00,  0.37,  1.78,  4.29,  7.85, 11.04, 13.19, 16.85, 21.14, 16.43,  5.60,  1.10,  0.16,  0.10,  0.10,  0.00,  0.00,  0.00,  0.00,  0.00
2015 10   0.00,  0.00,  0.31,  1.31,  4.24,  7.59,  9.27, 13.14, 16.23, 20.47, 17.91,  6.75,  2.20,  0.37,  0.05,  0.10,  0.05,  0.00,  0.00,  0.00,  0.00
2015 11   0.05,  0.00,  0.42,  1.47,  3.77,  7.44,  8.85, 12.26, 15.98, 15.98, 17.71,  9.90,  4.61,  1.15,  0.31,  0.05,  0.00,  0.00,  0.05,  0.00,  0.00
2015 12   0.05,  0.00,  0.31,  0.94,  3.04,  5.97,  7.96, 10.42, 14.46, 17.08, 15.61, 12.73,  6.97,  3.09,  0.79,  0.47,  0.05,  0.05,  0.00,  0.00,  0.00
2015 13   0.05,  0.00,  0.21,  1.00,  2.20,  4.03,  7.12,  7.91, 12.89, 13.93, 15.82, 13.78,  9.80,  5.92,  2.78,  2.10,  0.31,  0.10,  0.00,  0.00,  0.05
2015 14   0.05,  0.00,  0.21,  0.73,  2.20,  3.14,  5.71,  6.81,  9.95, 13.46, 14.87, 13.66, 11.99,  8.32,  4.76,  2.30,  1.31,  0.42,  0.05,  0.00,  0.05
2015 15   0.00,  0.05,  0.16,  0.79,  2.09,  3.46,  4.92,  6.54,  8.69, 12.51, 14.50, 13.04, 12.67,  9.37,  5.08,  3.25,  1.88,  0.42,  0.52,  0.05,  0.00
2015 16   0.00,  0.10,  0.37,  1.15,  2.25,  2.82,  4.29,  7.27,  8.63, 12.08, 13.70, 11.81, 11.55, 10.19,  6.06,  4.13,  2.30,  0.78,  0.26,  0.10,  0.16
2015 17   0.00,  0.21,  0.63,  1.41,  2.14,  2.98,  3.92,  6.85,  7.69,  9.88, 12.76, 11.19,  9.99, 10.15,  7.79,  5.23,  4.76,  1.15,  0.78,  0.31,  0.16
2015 18   0.00,  0.42,  0.78,  1.73,  2.56,  3.19,  3.87,  5.55,  6.70, 11.04, 10.15, 12.35,  9.58,  9.58,  7.48,  6.17,  4.03,  2.83,  1.52,  0.37,  0.10
2015 19   0.05,  0.73,  1.36,  2.09,  2.88,  3.30,  2.88,  4.50,  7.80,  8.69, 11.04, 10.78,  9.58,  8.69,  7.90,  5.70,  5.18,  4.03,  1.52,  1.05,  0.26
2015 20   0.31,  0.94,  1.78,  1.73,  2.67,  3.09,  3.19,  5.13,  7.22,  7.27, 10.20, 10.47,  9.16,  9.37,  7.48,  5.91,  5.70,  4.03,  2.83,  1.15,  0.37
2015 21   0.79,  0.89,  2.15,  1.57,  2.15,  3.66,  4.40,  6.02,  6.54,  8.32, 10.79, 10.52,  9.16,  8.64,  7.59,  5.55,  5.18,  3.25,  1.73,  0.89,  0.21
2015 22   0.58,  1.15,  1.15,  1.57,  2.04,  2.98,  4.76,  5.45,  7.02,  8.38,  9.79, 11.57, 10.63,  8.85,  8.64,  6.39,  4.19,  2.57,  1.62,  0.47,  0.21
2015 23   0.21,  1.05,  1.05,  1.21,  1.89,  2.73,  3.67,  5.25,  7.61,  8.03, 10.07, 11.59, 10.76, 10.13,  8.71,  6.77,  4.46,  2.83,  1.36,  0.52,  0.10
2015 24   0.32,  0.37,  0.95,  1.37,  1.52,  1.74,  4.00,  4.99,  6.73,  7.94,  9.88, 10.41, 10.46, 10.25,  9.99,  7.05,  5.36,  3.63,  2.21,  0.47,  0.37
2015 25   0.16,  0.11,  0.74,  0.90,  1.16,  1.63,  3.06,  4.00,  6.16,  7.80,  8.38,  8.38, 10.91, 11.54, 10.06,  8.27,  6.48,  5.37,  3.11,  1.32,  0.47
2015 26   0.16,  0.16,  0.42,  0.95,  0.79,  1.42,  2.11,  3.84,  5.79,  7.89,  7.95,  8.05, 10.95, 10.58,  9.95,  9.32,  8.05,  5.84,  3.47,  1.68,  0.63
2015 27   0.05,  0.26,  0.42,  0.84,  1.31,  0.95,  2.52,  3.63,  6.41,  6.41,  8.51,  8.83, 10.40,  8.83, 11.98, 10.30,  7.67,  6.31,  2.68,  1.31,  0.37
2015 28   0.11,  0.37,  0.58,  1.16,  1.21,  1.58,  3.26,  4.73,  5.15,  7.83,  8.72, 10.77, 10.29, 11.45, 10.82,  9.40,  6.78,  3.78,  1.31,  0.58,  0.16
2015 29   0.26,  0.53,  0.84,  1.21,  1.42,  2.99,  3.94,  5.09,  7.30,  8.09, 10.19, 11.87, 12.34, 10.77,  9.40,  7.88,  4.31,  1.16,  0.37,  0.00,  0.05
2015 30   0.42,  0.79,  1.21,  1.31,  3.00,  3.52,  4.31,  6.94,  8.68,  8.99, 12.25, 10.62, 12.83, 10.36,  8.15,  4.73,  1.37,  0.47,  0.00,  0.00,  0.05
2015 31   0.63,  1.05,  1.74,  1.84,  3.89,  4.26,  6.68,  8.46,  8.99, 10.09, 12.04, 12.57, 11.78,  8.04,  5.15,  1.89,  0.74,  0.05,  0.05,  0.00,  0.05
2015 32   1.11,  1.16,  2.32,  3.48,  4.58,  7.95,  8.53,  9.69, 10.80, 11.59, 11.80, 10.43,  8.58,  4.79,  2.05,  0.79,  0.21,  0.16,  0.00,  0.00,  0.00
2015 33   1.59,  1.74,  3.70,  6.08,  8.83,  9.94, 11.36, 12.37, 10.94, 11.26,  9.30,  6.34,  3.54,  1.74,  0.85,  0.32,  0.05,  0.05,  0.00,  0.00,  0.00
2015 34   1.96,  2.80,  7.56, 10.05, 11.53, 12.74, 12.85, 11.74,  9.84,  7.24,  4.92,  3.38,  1.96,  0.74,  0.58,  0.05,  0.05,  0.00,  0.00,  0.00,  0.00
2015 35   2.34,  5.84, 11.96, 12.22, 15.20, 13.87, 10.79,  9.56,  6.38,  4.36,  3.72,  1.75,  0.96,  0.53,  0.48,  0.00,  0.05,  0.00,  0.00,  0.00,  0.00
2015 36   4.47, 10.43, 14.84, 16.81, 15.11, 11.60,  8.35,  5.69,  5.37,  3.78,  1.65,  0.96,  0.64,  0.27,  0.00,  0.05,  0.00,  0.00,  0.00,  0.00,  0.00
2015 37   5.62, 10.81, 17.22, 17.59, 15.16, 10.70,  7.79,  5.51,  4.40,  2.81,  1.27,  0.58,  0.37,  0.16,  0.00,  0.00,  0.00,  0.00,  0.00,  0.00,  0.00
2015 38   4.61,  9.11, 15.72, 18.90, 15.56, 12.65,  8.21,  5.56,  4.08,  3.02,  1.38,  0.90,  0.16,  0.16,  0.00,  0.00,  0.00,  0.00,  0.00,  0.00,  0.00
2015 39   2.42,  5.42, 12.11, 17.06, 18.01, 15.11, 10.06,  6.27,  4.53,  3.48,  2.69,  1.53,  0.95,  0.37,  0.00,  0.00,  0.00,  0.00,  0.00,  0.00,  0.00
2015 40   0.95,  0.84,  5.68, 11.88, 16.50, 18.92, 14.24, 11.77,  5.25,  3.73,  3.89,  2.47,  2.05,  1.05,  0.58,  0.16,  0.00,  0.05,  0.00,  0.00,  0.00
2015 41   0.31,  0.37,  1.57,  4.41, 11.44, 18.00, 18.52, 13.80, 10.07,  6.40,  4.41,  2.94,  2.62,  2.62,  1.31,  0.73,  0.21,  0.16,  0.10,  0.00,  0.00
2015 42   0.26,  0.37,  0.78,  3.45,  8.74, 16.85, 17.01, 14.81, 10.52,  8.01,  5.39,  3.56,  2.72,  2.62,  1.83,  1.57,  0.89,  0.47,  0.16,  0.00,  0.00
2015 43   0.21,  0.47,  1.47,  3.82,  9.48, 16.81, 16.75, 13.93, 10.37,  7.28,  4.82,  3.56,  3.14,  2.46,  2.09,  1.94,  0.94,  0.42,  0.05,  0.00,  0.00
2015 44   0.21,  0.73,  3.61,  7.43, 12.77, 18.12, 16.23, 12.46,  6.91,  5.29,  3.56,  2.83,  2.93,  1.88,  2.77,  1.47,  0.63,  0.16,  0.00,  0.00,  0.00
2015 45   0.21,  0.99,  3.66, 10.24, 16.09, 20.17, 15.57, 10.14,  5.38,  3.81,  3.03,  2.98,  2.93,  2.30,  1.15,  0.78,  0.37,  0.16,  0.05,  0.00,  0.00
2015 46   0.05,  0.84,  2.67,  8.89, 16.00, 19.92, 16.05, 11.45,  6.27,  4.44,  3.87,  3.40,  2.61,  1.41,  1.05,  0.47,  0.31,  0.21,  0.10,  0.00,  0.00
2015 47   0.00,  0.52,  2.35,  8.20, 15.20, 17.92, 17.03, 12.80,  7.89,  5.49,  4.49,  3.03,  2.04,  1.52,  0.63,  0.52,  0.16,  0.16,  0.05,  0.00,  0.00
2015 48   0.00,  0.26,  2.25,  7.99, 13.64, 16.77, 17.08, 13.22,  9.09,  6.95,  5.38,  3.19,  2.14,  1.10,  0.52,  0.26,  0.10,  0.05,  0.00,  0.00,  0.00
2015 49   0.00,  0.42,  2.25,  6.53, 11.96, 14.21, 15.10, 14.58, 11.44,  8.46,  6.95,  4.18,  1.78,  1.31,  0.52,  0.26,  0.05,  0.00,  0.00,  0.00,  0.00
2015 50   0.05,  0.26,  2.04,  6.11, 10.45, 13.58, 13.43, 13.43, 13.01,  9.51,  8.57,  4.65,  2.82,  1.20,  0.57,  0.26,  0.00,  0.00,  0.05,  0.00,  0.00
2015 51   0.05,  0.21,  2.04,  5.33,  9.35, 12.70, 14.58, 12.96, 13.43, 10.50,  9.25,  4.44,  2.72,  1.57,  0.57,  0.10,  0.00,  0.21,  0.00,  0.00,  0.00
2015 52   0.05,  0.26,  1.83,  5.07,  8.52, 12.38, 13.17, 14.42, 13.64, 10.19, 11.08,  4.70,  2.19,  1.04,  0.68,  0.47,  0.05,  0.16,  0.05,  0.05,  0.00
2016 01   0.05,  0.26,  1.20,  4.65,  7.68, 12.12, 12.96, 15.10, 12.64, 10.76, 12.07,  5.85,  1.83,  1.31,  0.63,  0.37,  0.16,  0.21,  0.16,  0.00,  0.00
2016 02   0.05,  0.16,  0.94,  3.87,  7.11, 10.82, 13.79, 14.89, 13.43, 10.24, 11.96,  6.53,  2.66,  1.78,  0.78,  0.57,  0.37,  0.05,  0.00,  0.00,  0.00
2016 03   0.00,  0.16,  1.41,  3.61,  7.84, 11.81, 14.22, 14.11, 13.17, 12.13, 11.40,  5.28,  2.82,  1.10,  0.68,  0.00,  0.10,  0.16,  0.00,  0.00,  0.00
2016 04   0.05,  0.16,  1.36,  4.71,  8.42, 13.28, 15.22, 14.96, 13.65, 11.45, 11.35,  3.29,  1.36,  0.42,  0.05,  0.00,  0.10,  0.05,  0.00,  0.00,  0.10
2016 05   0.00,  0.21,  1.36,  5.18,  9.00, 13.19, 15.07, 15.70, 13.87, 11.51, 10.47,  2.88,  1.05,  0.16,  0.00,  0.16,  0.05,  0.00,  0.05,  0.05,  0.05
2016 06   0.00,  0.10,  1.10,  4.60,  8.53, 12.40, 15.33, 15.44, 15.07, 11.88, 11.25,  2.77,  0.99,  0.16,  0.05,  0.05,  0.10,  0.00,  0.05,  0.05,  0.05
2016 07   0.00,  0.05,  0.68,  2.62,  7.01, 10.78, 14.70, 15.07, 17.43, 13.87, 11.36,  4.71,  1.20,  0.21,  0.05,  0.05,  0.05,  0.00,  0.05,  0.00,  0.10
2016 08   0.00,  0.05,  0.16,  1.31,  4.55,  9.47, 13.66, 15.49, 17.69, 16.64, 11.77,  6.75,  1.94,  0.26,  0.00,  0.10,  0.05,  0.00,  0.00,  0.00,  0.10
2016 09   0.00,  0.00,  0.10,  0.52,  3.35,  7.43, 12.56, 16.85, 18.84, 17.27, 12.35,  6.96,  2.35,  1.10,  0.05,  0.16,  0.00,  0.05,  0.00,  0.05,  0.00
2016 10   0.00,  0.00,  0.10,  0.63,  2.88,  7.43, 13.30, 14.66, 19.58, 17.28, 12.15,  6.65,  3.87,  1.05,  0.26,  0.05,  0.10,  0.00,  0.00,  0.00,  0.00
2016 11   0.00,  0.00,  0.31,  1.36,  3.67,  7.91, 10.42, 12.89, 14.14, 16.13, 16.82,  9.53,  4.61,  1.57,  0.42,  0.05,  0.10,  0.05,  0.00,  0.00,  0.00
2016 12   0.00,  0.00,  0.10,  1.62,  3.77,  7.33,  9.90, 10.84, 14.82, 14.72, 17.81, 10.79,  5.13,  2.46,  0.42,  0.10,  0.16,  0.00,  0.00,  0.00,  0.00
2016 13   0.00,  0.00,  0.21,  1.47,  3.09,  6.29,  8.64, 10.01, 13.78, 14.09, 15.98, 13.10,  6.76,  4.24,  1.57,  0.47,  0.10,  0.16,  0.05,  0.00,  0.00
2016 14   0.00,  0.10,  0.16,  1.15,  3.04,  4.87,  7.17,  9.27, 13.09, 14.35, 15.55, 13.09,  8.01,  5.39,  2.62,  1.31,  0.52,  0.16,  0.05,  0.00,  0.10
2016 15   0.00,  0.00,  0.21,  1.05,  2.20,  3.87,  5.13,  9.01, 10.52, 15.08, 15.24, 12.93,  9.53,  6.49,  4.45,  2.46,  1.15,  0.47,  0.00,  0.10,  0.10
2016 16   0.00,  0.00,  0.26,  1.25,  2.14,  2.93,  5.12,  7.32,  8.83, 12.81, 14.58, 12.65, 11.29,  8.15,  6.48,  3.87,  1.36,  0.78,  0.05,  0.10,  0.00
2016 17   0.00,  0.05,  0.52,  0.89,  1.67,  2.25,  3.29,  5.75,  7.01,  8.53, 11.45, 11.09, 12.29, 12.13,  9.36,  6.69,  3.56,  2.25,  1.05,  0.16,  0.00
2016 18   0.00,  0.16,  0.63,  0.63,  1.31,  2.30,  2.56,  3.30,  4.55,  5.76,  8.32,  9.63, 10.05, 12.66, 12.24,  9.89,  7.95,  5.23,  1.83,  0.89,  0.10
2016 19   0.00,  0.16,  0.42,  1.26,  1.10,  2.04,  2.15,  3.40,  3.92,  4.29,  6.12,  7.90,  8.74, 10.94, 13.03, 11.36,  9.52,  6.70,  4.19,  2.15,  0.63
2016 20   0.00,  0.21,  0.89,  0.58,  1.15,  1.57,  2.46,  3.30,  4.08,  4.97,  4.81,  7.12,  7.54,  9.63, 11.93, 12.19,  9.63,  7.48,  5.91,  3.14,  1.41
2016 21   0.10,  0.42,  0.26,  0.84,  1.26,  1.31,  2.62,  2.93,  3.98,  4.03,  5.55,  6.75,  8.01,  9.37, 11.68, 12.62,  9.79,  7.70,  6.28,  3.19,  1.31
2016 22   0.26,  0.21,  0.47,  0.73,  1.05,  1.68,  2.36,  2.77,  3.19,  4.24,  6.07,  6.91,  8.85,  9.74, 12.51, 12.09,  9.84,  8.22,  4.82,  3.04,  0.94
2016 23   0.21,  0.21,  0.26,  0.79,  1.42,  1.10,  2.57,  2.31,  3.25,  4.67,  6.45,  8.03,  7.92, 11.70, 11.96, 12.49,  9.18,  7.61,  4.93,  2.20,  0.73
2016 24   0.32,  0.05,  0.16,  0.95,  1.00,  2.05,  1.89,  2.84,  3.89,  5.73,  7.20,  8.25,  9.46, 10.57, 11.25, 11.78,  8.15,  6.62,  5.10,  2.00,  0.74
2016 25   0.26,  0.05,  0.26,  0.79,  1.63,  1.90,  2.69,  4.00,  4.69,  7.11,  9.69,  8.27,  9.59, 10.43, 10.54,  8.64,  7.48,  5.74,  3.64,  1.74,  0.84
2016 26   0.21,  0.26,  0.26,  0.89,  1.37,  2.79,  3.89,  5.05,  6.95,  7.05, 10.16, 10.47, 10.68,  9.37,  8.95,  7.11,  5.84,  4.05,  2.95,  1.32,  0.37
2016 27   0.21,  0.32,  0.53,  0.79,  1.68,  3.99,  4.15,  6.20,  7.57,  9.51, 11.51, 10.98,  9.35,  9.09,  7.83,  6.52,  4.20,  2.73,  2.10,  0.63,  0.11
2016 28   0.16,  0.26,  0.68,  1.16,  2.05,  3.99,  4.73,  7.25,  8.61, 10.45, 11.76, 11.61, 10.08,  9.30,  6.78,  4.20,  4.10,  2.00,  0.63,  0.16,  0.05
2016 29   0.26,  0.47,  0.74,  1.52,  2.52,  4.88,  6.25,  7.93,  9.40, 11.03, 11.76, 11.82, 10.87,  8.56,  5.20,  3.62,  2.36,  0.53,  0.11,  0.11,  0.05
2016 30   0.47,  0.63,  1.10,  2.58,  3.58,  5.99,  7.68,  8.83, 10.88, 10.41, 13.25, 11.04,  9.25,  7.10,  3.84,  2.16,  1.00,  0.11,  0.05,  0.00,  0.05
2016 31   0.79,  0.79,  2.10,  3.15,  5.73,  6.94,  9.41, 10.30, 10.04, 10.78, 12.72, 10.62,  7.10,  5.05,  2.42,  1.47,  0.37,  0.16,  0.00,  0.05,  0.00
2016 32   1.05,  1.26,  2.58,  4.53,  6.37,  8.74, 10.53, 10.69, 11.64, 11.22, 10.27,  8.90,  5.32,  3.69,  2.00,  0.84,  0.32,  0.00,  0.00,  0.05,  0.00
2016 33   1.53,  1.48,  3.22,  6.45,  8.25, 10.52, 10.47, 12.42, 12.26, 10.10,  8.09,  6.61,  3.96,  2.38,  1.16,  0.74,  0.26,  0.05,  0.00,  0.05,  0.00
2016 34   1.69,  2.49,  5.34,  7.83, 10.05, 12.69, 12.48, 12.11, 10.42,  8.25,  5.92,  4.28,  3.01,  1.75,  0.90,  0.42,  0.26,  0.05,  0.05,  0.00,  0.00
2016 35   2.28,  3.56,  6.43,  9.19, 12.27, 13.66, 12.75, 11.26,  9.40,  6.27,  4.30,  3.24,  2.50,  1.43,  0.53,  0.64,  0.16,  0.11,  0.00,  0.00,  0.00
2016 36   2.98,  2.77,  7.18, 11.22, 13.35, 13.83, 12.66, 10.11,  8.03,  5.59,  4.47,  3.56,  2.02,  1.06,  0.64,  0.37,  0.16,  0.00,  0.00,  0.00,  0.00
2016 37   2.01,  2.44,  6.31,  9.75, 12.93, 14.31, 13.30, 12.24,  7.26,  6.31,  4.35,  4.45,  2.12,  1.06,  0.74,  0.37,  0.05,  0.00,  0.00,  0.00,  0.00
2016 38   0.95,  1.69,  3.76,  7.15, 11.01, 13.23, 15.03, 12.71, 11.06,  7.36,  5.56,  4.82,  2.75,  1.64,  0.95,  0.11,  0.21,  0.00,  0.00,  0.00,  0.00
2016 39   0.42,  0.53,  1.63,  3.42,  7.00, 11.27, 13.53, 13.43, 13.32, 12.16,  7.64,  5.79,  4.48,  2.37,  1.90,  0.53,  0.47,  0.11,  0.00,  0.00,  0.00
2016 40   0.05,  0.11,  0.26,  1.42,  2.94,  6.62,  9.98, 12.51, 13.93, 14.87, 12.82,  9.88,  5.94,  3.36,  2.89,  1.37,  0.58,  0.37,  0.05,  0.05,  0.00
2016 41   0.05,  0.00,  0.05,  0.52,  1.05,  3.57,  6.35,  9.34, 11.28, 14.38, 15.16, 14.69,  8.92,  6.98,  4.20,  1.73,  0.89,  0.58,  0.21,  0.05,  0.00
2016 42   0.05,  0.00,  0.00,  0.21,  0.73,  2.46,  4.71,  7.48,  9.99, 14.02, 15.38, 14.81, 10.47,  8.16,  5.55,  3.19,  1.36,  0.99,  0.31,  0.10,  0.00
2016 43   0.05,  0.00,  0.00,  0.26,  1.05,  2.41,  6.39,  9.27, 11.10, 15.45, 14.66, 11.78, 10.05,  6.96,  5.13,  3.04,  1.52,  0.79,  0.05,  0.05,  0.00
2016 44   0.00,  0.00,  0.10,  0.58,  1.36,  5.60,  8.85, 12.04, 13.82, 15.45, 12.46,  9.42,  7.91,  5.71,  3.35,  1.83,  1.15,  0.26,  0.10,  0.00,  0.00
2016 45   0.00,  0.00,  0.05,  0.78,  2.72,  5.49,  9.77, 13.11, 15.05, 13.53, 13.74,  9.61,  6.79,  3.97,  2.82,  1.25,  0.84,  0.21,  0.26,  0.00,  0.00
2016 46   0.00,  0.00,  0.05,  0.94,  2.40,  6.06,  9.25, 12.81, 16.52, 14.69, 14.22, 10.14,  5.70,  3.45,  1.99,  0.58,  0.63,  0.42,  0.10,  0.05,  0.00
2016 47   0.00,  0.00,  0.10,  0.52,  2.98,  6.53,  9.56, 13.22, 15.88, 16.51, 14.11,  9.56,  4.91,  2.93,  1.31,  0.99,  0.42,  0.42,  0.05,  0.00,  0.00
2016 48   0.00,  0.00,  0.00,  0.47,  1.78,  5.43,  9.09, 12.33, 16.82, 15.73, 14.63,  9.82,  6.48,  3.97,  1.41,  1.15,  0.52,  0.21,  0.10,  0.00,  0.05
2016 49   0.00,  0.00,  0.00,  0.26,  1.46,  3.40,  9.56, 12.49, 15.67, 16.51, 14.58, 10.61,  6.84,  4.34,  2.61,  0.99,  0.42,  0.10,  0.10,  0.00,  0.05
2016 50   0.00,  0.00,  0.00,  0.16,  1.04,  3.50,  7.52, 13.58, 15.67, 16.09, 13.95, 11.08,  7.68,  4.91,  2.40,  1.36,  0.52,  0.42,  0.05,  0.05,  0.00
2016 51   0.00,  0.00,  0.00,  0.16,  0.89,  3.55,  7.11, 13.17, 15.26, 14.79, 13.53, 12.70,  7.84,  5.64,  2.98,  1.25,  0.68,  0.16,  0.26,  0.05,  0.00
2016 52   0.00,  0.00,  0.00,  0.10,  1.36,  4.02,  8.99, 13.38, 15.78, 13.79, 12.07, 11.02,  8.57,  5.17,  2.77,  1.93,  0.68,  0.26,  0.05,  0.05,  0.00
2017 01   0.00,  0.00,  0.00,  0.37,  1.52,  5.59, 10.24, 15.57, 15.46, 12.90, 10.61,  8.93,  8.25,  5.75,  2.72,  1.25,  0.57,  0.16,  0.05,  0.05,  0.00
2017 02   0.00,  0.00,  0.00,  0.52,  1.46,  6.79, 11.13, 15.57, 14.99, 13.01, 10.45,  9.14,  7.63,  4.86,  2.61,  0.94,  0.42,  0.26,  0.16,  0.05,  0.00
2017 03   0.00,  0.00,  0.05,  0.78,  3.14,  8.78, 14.01, 15.68, 16.73, 13.38, 10.35,  7.37,  4.44,  3.29,  1.10,  0.42,  0.21,  0.21,  0.05,  0.00,  0.00
2017 04   0.00,  0.00,  0.31,  1.62,  6.17, 12.76, 18.51, 18.41, 14.59, 11.19,  8.42,  4.97,  1.88,  0.42,  0.21,  0.26,  0.16,  0.10,  0.00,  0.00,  0.00
2017 05   0.00,  0.05,  0.26,  1.78,  6.59, 12.66, 17.22, 20.41, 13.66, 11.46,  8.48,  5.29,  1.15,  0.68,  0.16,  0.05,  0.10,  0.00,  0.00,  0.00,  0.00
2017 06   0.00,  0.00,  0.26,  3.04,  6.54, 11.25, 17.32, 17.43, 15.80, 11.93,  9.47,  4.87,  1.31,  0.58,  0.05,  0.16,  0.00,  0.00,  0.00,  0.00,  0.00
2017 07   0.00,  0.00,  0.58,  3.66,  7.33, 11.98, 14.65, 17.74, 15.28, 12.66, 10.26,  4.34,  1.26,  0.16,  0.05,  0.05,  0.00,  0.00,  0.00,  0.00,  0.00
2017 08   0.00,  0.05,  1.41,  3.66,  7.95, 12.87, 15.96, 17.58, 15.54, 11.83,  8.58,  3.77,  0.52,  0.16,  0.10,  0.00,  0.00,  0.00,  0.00,  0.00,  0.00
2017 09   0.00,  0.10,  1.31,  3.98,  7.85, 13.08, 16.48, 17.58, 16.01, 11.36,  8.63,  2.88,  0.58,  0.10,  0.05,  0.00,  0.00,  0.00,  0.00,  0.00,  0.00
2017 10   0.00,  0.10,  1.15,  4.40,  7.23, 12.98, 15.97, 17.75, 16.39, 12.25,  8.38,  2.67,  0.58,  0.10,  0.00,  0.05,  0.00,  0.00,  0.00,  0.00,  0.00
2017 11   0.05,  0.05,  1.26,  4.71,  8.43, 11.79, 15.61, 17.39, 15.40, 12.73,  8.43,  2.99,  0.79,  0.31,  0.05,  0.00,  0.00,  0.00,  0.00,  0.00,  0.00
2017 12   0.05,  0.05,  1.26,  3.77,  6.97,  9.48, 13.15, 17.65, 16.82, 13.36, 10.53,  4.61,  1.83,  0.37,  0.10,  0.00,  0.00,  0.00,  0.00,  0.00,  0.00
2017 13   0.05,  0.10,  1.73,  3.35,  6.02,  7.23, 11.21, 15.66, 15.87, 14.56, 12.62,  5.97,  3.51,  1.52,  0.52,  0.05,  0.00,  0.00,  0.00,  0.00,  0.00
2017 14   0.10,  0.21,  1.88,  3.51,  5.03,  6.02,  8.53, 13.77, 14.50, 15.55, 12.93,  8.80,  4.61,  2.15,  1.41,  0.84,  0.10,  0.00,  0.05,  0.00,  0.00
2017 15   0.16,  0.37,  1.88,  3.46,  4.24,  5.50,  7.59, 11.15, 13.87, 14.87, 14.19, 10.10,  5.76,  3.14,  1.83,  0.84,  0.58,  0.26,  0.10,  0.00,  0.10
2017 16   0.37,  0.31,  2.30,  2.98,  3.97,  5.18,  6.74,  9.88, 12.23, 14.27, 13.85, 10.72,  7.11,  4.44,  2.30,  1.73,  0.89,  0.37,  0.16,  0.10,  0.10
2017 17   0.52,  0.73,  2.25,  2.82,  2.93,  3.35,  5.70,  6.38,  8.47,  9.68, 12.19, 12.03,  9.99,  8.05,  6.01,  4.08,  2.14,  1.15,  0.68,  0.58,  0.26
2017 18   0.89,  1.15,  1.88,  2.09,  2.41,  2.93,  4.34,  4.29,  6.07,  7.59,  9.42, 10.57,  9.84,  9.63,  9.16,  6.49,  4.13,  3.56,  1.41,  1.26,  0.89
2017 19   1.41,  1.47,  1.83,  1.57,  2.15,  3.24,  3.40,  4.76,  4.97,  5.49,  9.37,  8.79,  9.11, 10.26,  8.32,  7.33,  5.60,  4.24,  2.98,  1.57,  2.15
2017 20   2.30,  1.47,  1.31,  1.73,  2.20,  2.20,  3.35,  4.50,  5.39,  5.55,  8.42,  8.37,  9.11,  9.73,  8.11,  7.38,  5.76,  5.13,  3.87,  1.73,  2.41
2017 21   2.46,  1.41,  1.31,  1.47,  1.68,  2.72,  3.40,  4.35,  5.08,  6.28,  8.22,  8.48, 10.00,  8.27,  9.16,  7.70,  5.76,  5.24,  2.98,  1.83,  2.20
2017 22   2.04,  0.84,  0.99,  1.47,  2.15,  2.51,  2.46,  4.55,  4.61,  6.49,  8.06,  8.32, 10.63,  9.21,  7.96,  8.53,  7.64,  4.71,  3.09,  1.88,  1.83
2017 23   1.68,  0.63,  1.00,  1.57,  1.94,  2.20,  3.57,  4.93,  5.46,  6.72,  7.82,  9.76, 10.70,  8.81,  9.02,  7.45,  6.24,  5.04,  2.57,  1.31,  1.57
2017 24   1.63,  0.63,  1.52,  1.47,  2.73,  2.73,  3.63,  5.31,  6.20,  7.78,  8.10, 10.78,  9.15,  8.57,  8.52,  6.78,  5.84,  4.73,  2.21,  0.95,  0.74
2017 25   1.00,  1.11,  1.53,  2.11,  2.48,  3.11,  3.48,  5.06,  7.64,  7.32,  9.91,  9.17,  9.06,  8.01,  8.01,  7.59,  4.90,  4.37,  2.69,  0.84,  0.63
2017 26   0.74,  0.89,  1.58,  2.26,  2.47,  3.53,  4.68,  5.47,  8.26,  8.53,  9.26,  9.58,  8.95,  8.89,  7.26,  5.42,  4.74,  3.74,  1.95,  1.26,  0.53
2017 27   0.74,  1.00,  1.73,  2.42,  2.84,  4.78,  5.31,  7.09,  9.09,  8.72,  9.46, 10.35,  8.20,  7.99,  5.68,  4.78,  4.15,  3.05,  1.58,  0.79,  0.26
2017 28   1.05,  1.21,  2.15,  2.89,  4.25,  5.25,  7.30,  7.04,  9.77, 10.14,  9.72,  9.40,  7.83,  7.14,  5.04,  3.62,  3.36,  1.47,  1.00,  0.32,  0.05
2017 29   1.52,  1.79,  3.10,  3.31,  4.83,  7.04,  8.51,  8.51, 10.71, 10.29,  9.19,  7.77,  7.51,  5.83,  3.83,  3.36,  1.63,  0.63,  0.37,  0.21,  0.05
2017 30   2.68,  2.68,  2.94,  5.68,  6.78,  8.78,  9.41, 10.30, 10.52,  8.04,  7.78,  6.05,  5.89,  5.31,  3.21,  2.21,  0.89,  0.42,  0.16,  0.21,  0.05
2017 31   3.73,  3.79,  5.36,  6.99,  8.46,  9.57, 10.30,  9.41,  9.62,  6.52,  5.36,  6.73,  4.78,  3.73,  2.47,  2.05,  0.63,  0.21,  0.16,  0.11,  0.00
2017 32   5.85,  5.63,  6.48,  8.69,  9.53, 10.90,  9.43,  8.85,  7.21,  5.37,  4.69,  5.48,  4.05,  3.69,  1.95,  1.21,  0.74,  0.16,  0.05,  0.00,  0.05
2017 33   8.93,  6.45,  8.51, 10.41, 10.73,  9.14,  9.30,  7.98,  5.76,  4.81,  4.86,  3.86,  3.65,  2.33,  1.53,  1.16,  0.37,  0.05,  0.00,  0.16,  0.00
2017 34  11.85,  8.57, 11.63, 10.31,  9.94,  9.84,  7.99,  6.40,  5.13,  5.02,  4.28,  2.64,  2.22,  2.12,  1.00,  0.79,  0.11,  0.11,  0.00,  0.00,  0.05
2017 35  16.26, 11.16, 11.16, 12.27,  9.19,  8.55,  6.96,  5.05,  5.10,  4.89,  2.18,  2.76,  1.97,  1.06,  1.01,  0.21,  0.11,  0.05,  0.00,  0.05,  0.00
2017 36  19.57, 12.34, 11.76, 11.28,  9.84,  8.14,  6.17,  5.32,  4.20,  3.46,  3.24,  1.91,  1.28,  0.85,  0.32,  0.21,  0.05,  0.00,  0.05,  0.00,  0.00
2017 37  17.65, 12.51, 13.04, 11.02,  9.59,  9.01,  7.05,  5.41,  4.13,  3.60,  2.76,  2.07,  0.95,  0.64,  0.48,  0.05,  0.00,  0.05,  0.00,  0.00,  0.00
2017 38  13.02, 11.17, 14.19, 11.54, 11.12,  9.53,  8.05,  6.09,  3.71,  3.81,  3.28,  2.28,  1.01,  0.64,  0.32,  0.21,  0.05,  0.00,  0.00,  0.00,  0.00
2017 39   5.00,  6.85, 10.64, 14.01, 13.85, 12.80,  9.37,  7.16,  5.27,  4.11,  3.26,  3.16,  2.11,  0.90,  1.05,  0.32,  0.11,  0.05,  0.00,  0.00,  0.00
2017 40   1.79,  3.00,  6.52, 10.72, 14.77, 14.14, 12.87,  9.56,  6.20,  5.41,  4.05,  3.63,  2.47,  2.42,  1.05,  0.84,  0.37,  0.16,  0.05,  0.00,  0.00
2017 41   0.63,  1.31,  3.25,  7.97, 12.22, 14.95, 14.17, 11.54,  8.24,  6.56,  5.14,  4.09,  3.67,  2.20,  1.94,  1.21,  0.63,  0.16,  0.10,  0.00,  0.00
2017 42   0.63,  1.05,  2.72,  4.87, 11.88, 12.82, 14.02, 12.09,  9.42,  7.27,  5.70,  5.44,  3.51,  3.24,  2.62,  1.15,  0.99,  0.37,  0.21,  0.00,  0.00
2017 43   0.79,  1.15,  2.67,  6.23, 11.20, 13.09, 12.83, 11.10,  8.90,  7.59,  6.60,  5.86,  4.03,  3.61,  2.04,  1.26,  0.84,  0.21,  0.00,  0.00,  0.00
2017 44   1.20,  2.30,  4.19,  8.80, 13.46, 14.35, 12.04, 10.21,  7.54,  6.96,  6.65,  4.66,  2.88,  2.20,  1.57,  0.52,  0.42,  0.05,  0.00,  0.00,  0.00
2017 45   0.31,  1.62,  4.34,  9.51, 14.63, 16.51, 12.38, 10.55,  7.37,  6.84,  4.18,  4.75,  2.82,  1.72,  1.31,  0.68,  0.16,  0.26,  0.05,  0.00,  0.00
2017 46   0.63,  1.73,  5.07,  8.57, 15.84, 17.25, 12.96,  9.98,  7.58,  6.48,  4.70,  3.97,  2.25,  1.36,  0.89,  0.21,  0.26,  0.10,  0.16,  0.00,  0.00
2017 47   0.57,  1.67,  5.85,  9.35, 15.52, 17.08, 13.69, 10.61,  8.46,  5.38,  4.96,  3.24,  1.78,  0.84,  0.31,  0.31,  0.21,  0.16,  0.00,  0.00,  0.00
2017 48   0.42,  1.36,  5.28, 10.03, 14.79, 16.41, 13.22, 12.28,  8.41,  6.69,  5.28,  2.77,  1.46,  0.94,  0.37,  0.10,  0.21,  0.00,  0.00,  0.00,  0.00
2017 49   0.26,  1.31,  4.60, 10.24, 13.32, 16.56, 13.22, 10.97,  9.77,  8.05,  5.54,  2.93,  1.57,  0.94,  0.47,  0.16,  0.05,  0.05,  0.00,  0.00,  0.00
2017 50   0.10,  0.99,  3.71,  8.93, 11.76, 14.94, 14.21, 12.43,  9.77,  9.77,  6.17,  4.08,  1.46,  0.89,  0.52,  0.10,  0.05,  0.10,  0.00,  0.00,  0.00
2017 51   0.05,  0.52,  2.56,  6.74, 10.61, 14.00, 14.79, 12.02, 12.54, 10.08,  8.41,  3.97,  1.88,  1.15,  0.42,  0.16,  0.10,  0.00,  0.00,  0.00,  0.00
2017 52   0.05,  0.00,  1.31,  4.13,  8.52, 13.01, 13.32, 14.94, 12.80, 11.49,  9.72,  5.43,  2.09,  1.88,  0.57,  0.42,  0.26,  0.00,  0.05,  0.00,  0.00
2018 01   0.00,  0.00,  1.04,  2.87,  7.52, 13.06, 14.42, 14.26, 14.42,  9.77, 10.92,  6.27,  2.40,  1.46,  0.68,  0.31,  0.16,  0.21,  0.16,  0.00,  0.05
2018 02   0.00,  0.00,  0.16,  1.72,  5.17,  9.51, 14.16, 14.37, 14.32, 12.43, 12.70,  6.90,  4.39,  1.57,  1.20,  0.42,  0.42,  0.26,  0.16,  0.10,  0.05
2018 03   0.00,  0.00,  0.10,  1.25,  3.97,  9.41, 13.96, 13.64, 15.94, 11.66, 13.33,  8.31,  4.81,  1.62,  0.58,  0.68,  0.26,  0.21,  0.16,  0.10,  0.00
2018 04   0.00,  0.00,  0.10,  1.26,  4.18, 10.51, 15.32, 16.21, 15.59, 11.56, 11.98,  7.85,  3.29,  0.99,  0.68,  0.31,  0.10,  0.05,  0.00,  0.00,  0.00
2018 05   0.00,  0.00,  0.00,  0.78,  3.77, 10.73, 14.65, 17.37, 16.17, 11.46, 11.09,  9.05,  3.45,  0.84,  0.31,  0.05,  0.21,  0.05,  0.00,  0.00,  0.00
2018 06   0.00,  0.00,  0.00,  0.05,  2.15,  6.65, 13.61, 17.69, 17.48, 13.40, 11.51, 11.04,  4.24,  1.47,  0.31,  0.26,  0.16,  0.00,  0.00,  0.00,  0.00
2018 07   0.00,  0.00,  0.00,  0.00,  0.31,  2.62,  8.37, 13.92, 19.41, 17.01, 14.81, 12.82,  6.38,  2.83,  1.10,  0.31,  0.10,  0.00,  0.00,  0.00,  0.00
2018 08   0.00,  0.00,  0.00,  0.00,  0.05,  0.58,  3.40,  8.95, 16.06, 20.41, 17.27, 15.80, 10.10,  4.45,  1.88,  0.73,  0.26,  0.05,  0.00,  0.00,  0.00
2018 09   0.00,  0.00,  0.00,  0.00,  0.05,  0.10,  1.62,  5.13, 11.15, 17.16, 18.37, 19.00, 15.23,  7.06,  3.40,  1.20,  0.31,  0.21,  0.00,  0.00,  0.00
</pre></tt>