VHI_Parea data for UKR  Province= 5: Dnipropetrovs'k,  from 1981 to 2018<br>The data below were extracted from weekly files like: ../NPP_VH/4km/ts_L1_v1/ByWeek/VHP_L1_VHI_Parea_201301.txt<br><tt><pre>year,week,, provinceID, 0, 5, 10, 15, 20, 25, 30, 35, 40, 45, 50, 55, 60, 65, 70, 75, 80, 85, 90, 95,100
2013 01   0.00,  0.00,  0.00,  0.00,  0.47,  1.17,  2.84,  5.14,  9.89, 12.92, 15.96, 16.66, 13.97,  9.38,  6.15,  3.35,  1.63,  0.31,  0.12,  0.04,  0.00
2013 02   0.00,  0.00,  0.00,  0.08,  0.58,  1.71,  4.05,  8.06, 12.92, 15.26, 20.47, 14.29,  9.81,  6.46,  4.24,  1.40,  0.47,  0.12,  0.08,  0.00,  0.00
2013 03   0.00,  0.00,  0.00,  0.12,  0.78,  2.34,  4.94, 11.02, 15.53, 16.31, 18.30, 12.50,  8.49,  5.37,  2.61,  1.21,  0.43,  0.08,  0.00,  0.00,  0.00
2013 04   0.00,  0.00,  0.00,  0.16,  0.58,  2.37,  7.05, 11.02, 16.15, 16.58, 17.09, 12.85,  8.56,  4.48,  1.87,  0.74,  0.43,  0.04,  0.04,  0.00,  0.00
2013 05   0.00,  0.00,  0.00,  0.08,  0.51,  2.18,  7.01, 12.88, 17.05, 15.96, 16.93, 13.97,  8.37,  3.27,  1.01,  0.58,  0.12,  0.08,  0.00,  0.00,  0.00
2013 06   0.00,  0.00,  0.04,  0.12,  0.58,  2.96,  6.85, 14.25, 16.85, 18.49, 17.83, 12.34,  6.54,  2.26,  0.66,  0.23,  0.00,  0.00,  0.00,  0.00,  0.00
2013 07   0.00,  0.00,  0.04,  0.23,  0.66,  3.39,  7.43, 13.90, 15.30, 17.28, 20.44, 12.69,  6.50,  1.71,  0.31,  0.04,  0.04,  0.04,  0.00,  0.00,  0.00
2013 08   0.00,  0.00,  0.12,  0.16,  0.97,  3.66,  6.50, 11.52, 16.54, 15.38, 21.76, 16.89,  5.29,  0.90,  0.16,  0.12,  0.04,  0.00,  0.00,  0.00,  0.00
2013 09   0.00,  0.04,  0.04,  0.35,  1.87,  4.01,  5.84, 10.08, 13.66, 16.12, 21.95, 20.20,  5.18,  0.54,  0.08,  0.00,  0.00,  0.04,  0.00,  0.00,  0.00
2013 10   0.00,  0.00,  0.08,  0.82,  2.80,  4.67,  6.66,  9.96, 12.42, 14.48, 21.92, 20.67,  5.14,  0.35,  0.00,  0.04,  0.00,  0.00,  0.00,  0.00,  0.00
2013 11   0.00,  0.00,  0.19,  1.09,  2.92,  5.06,  8.17,  8.64, 12.61, 13.55, 17.63, 21.14,  7.98,  0.90,  0.08,  0.00,  0.00,  0.04,  0.00,  0.00,  0.00
2013 12   0.00,  0.00,  0.23,  1.32,  3.19,  4.98,  7.98,  9.03, 12.69, 13.47, 17.40, 17.83,  9.96,  1.75,  0.04,  0.08,  0.00,  0.00,  0.04,  0.00,  0.00
2013 13   0.00,  0.00,  0.16,  1.44,  3.31,  4.67,  7.82,  9.19, 11.99, 13.51, 16.19, 16.43, 11.48,  3.54,  0.19,  0.04,  0.00,  0.00,  0.00,  0.00,  0.04
2013 14   0.00,  0.00,  0.19,  1.56,  3.46,  5.18,  6.89,  9.69, 11.13, 13.08, 17.01, 15.69, 11.95,  3.62,  0.51,  0.00,  0.00,  0.00,  0.00,  0.04,  0.00
2013 15   0.00,  0.04,  0.16,  2.14,  4.05,  5.72,  6.77,  9.46, 11.25, 12.61, 17.79, 14.29, 11.09,  3.89,  0.66,  0.04,  0.04,  0.00,  0.00,  0.00,  0.00
2013 16   0.00,  0.04,  0.35,  2.34,  4.44,  5.29,  6.66,  9.42, 10.94, 13.23, 16.23, 14.75, 10.32,  4.28,  1.52,  0.16,  0.00,  0.04,  0.00,  0.00,  0.00
2013 17   0.00,  0.04,  0.23,  2.18,  3.97,  4.90,  7.05,  7.55, 11.48, 12.65, 15.26, 12.69, 10.74,  6.70,  3.35,  1.01,  0.19,  0.00,  0.00,  0.00,  0.00
2013 18   0.00,  0.00,  0.23,  1.25,  3.11,  4.90,  6.70,  7.90,  9.23, 12.50, 12.92, 12.53, 10.90,  7.36,  5.45,  3.62,  1.01,  0.27,  0.08,  0.00,  0.04
2013 19   0.00,  0.00,  0.16,  1.13,  2.69,  4.55,  6.97,  7.59,  9.46, 10.63, 11.91, 11.52, 10.35,  8.29,  5.41,  4.59,  3.15,  1.13,  0.35,  0.12,  0.00
2013 20   0.04,  0.04,  0.08,  1.05,  2.53,  4.59,  6.54,  8.91,  9.89, 10.39, 10.04, 10.74, 10.35,  7.79,  6.31,  4.36,  3.50,  1.83,  0.62,  0.31,  0.08
2013 21   0.08,  0.08,  0.16,  0.70,  2.06,  3.50,  5.80,  8.37,  9.97,  9.74, 10.75, 10.48,  9.70,  8.06,  7.01,  5.45,  3.78,  2.69,  0.97,  0.51,  0.16
2013 22   0.12,  0.00,  0.08,  0.39,  1.56,  2.26,  3.74,  7.08,  9.19,  9.73, 12.03, 12.18,  9.61,  9.19,  8.06,  6.19,  4.83,  2.18,  1.05,  0.39,  0.16
2013 23   0.08,  0.04,  0.19,  0.62,  1.48,  2.61,  4.13,  6.03,  9.07, 11.17, 12.61, 12.73, 11.13,  9.54,  7.01,  4.98,  3.78,  1.67,  0.78,  0.19,  0.16
2013 24   0.08,  0.08,  0.31,  1.05,  1.67,  2.57,  4.67,  6.70,  8.88, 12.26, 12.53, 12.26, 11.33,  8.72,  6.93,  4.44,  3.15,  1.63,  0.51,  0.19,  0.04
2013 25   0.12,  0.12,  0.35,  1.17,  2.02,  3.23,  5.33,  7.20,  8.84, 11.91, 11.68, 11.05, 10.20,  8.64,  7.90,  4.63,  3.78,  1.17,  0.62,  0.04,  0.00
2013 26   0.19,  0.12,  0.58,  1.05,  2.34,  3.70,  5.65,  7.44,  8.61, 10.20, 10.24, 10.98, 10.55,  9.23,  6.62,  6.07,  3.97,  1.71,  0.62,  0.12,  0.00
2013 27   0.19,  0.39,  0.70,  1.40,  2.65,  4.32,  6.38,  7.36,  8.52,  9.19,  9.46, 10.86, 10.67,  8.60,  7.08,  6.19,  3.78,  1.83,  0.39,  0.04,  0.00
2013 28   0.19,  0.35,  0.66,  1.83,  3.54,  4.71,  6.31,  7.24,  8.21,  8.76,  9.77, 10.59,  9.93,  8.60,  7.75,  5.96,  3.58,  1.79,  0.23,  0.00,  0.00
2013 29   0.19,  0.27,  0.97,  2.45,  4.28,  4.75,  6.62,  7.75,  7.43,  8.68,  9.34,  9.96,  9.93,  8.76,  7.98,  4.44,  4.09,  1.87,  0.19,  0.04,  0.00
2013 30   0.19,  0.47,  1.95,  2.88,  4.24,  6.46,  7.12,  6.58,  8.45,  8.60,  8.49,  9.93, 10.08,  7.98,  6.42,  5.02,  3.23,  1.56,  0.35,  0.00,  0.00
2013 31   0.35,  1.25,  2.84,  4.13,  5.57,  7.67,  7.20,  7.55,  7.98,  8.95,  9.23,  9.73,  9.11,  5.80,  5.57,  4.17,  1.91,  0.90,  0.12,  0.00,  0.00
2013 32   0.78,  1.95,  4.24,  4.44,  7.47,  8.10,  8.41,  8.14,  8.95,  9.85,  9.34,  8.76,  6.81,  4.83,  3.78,  2.65,  0.93,  0.47,  0.12,  0.00,  0.00
2013 33   0.66,  1.48,  3.66,  4.83,  7.24,  8.88,  9.46, 10.74,  9.69,  9.81,  9.34,  8.52,  5.22,  4.44,  2.88,  1.63,  1.01,  0.43,  0.08,  0.00,  0.00
2013 34   0.31,  0.70,  1.87,  3.23,  5.49,  8.76,  9.42, 12.38, 12.22, 10.98, 11.02,  8.64,  5.18,  4.87,  1.99,  1.60,  0.74,  0.54,  0.08,  0.00,  0.00
2013 35   0.00,  0.19,  0.19,  1.01,  2.49,  4.17,  9.15, 12.61, 13.62, 13.39, 16.50,  9.42,  6.46,  5.10,  2.65,  1.52,  1.09,  0.31,  0.12,  0.00,  0.00
2013 36   0.00,  0.00,  0.04,  0.16,  0.66,  1.52,  4.79,  8.41, 12.26, 16.04, 28.03, 11.52,  6.77,  4.79,  2.14,  1.36,  1.13,  0.39,  0.00,  0.00,  0.00
2013 37   0.00,  0.00,  0.00,  0.08,  0.43,  0.78,  1.91,  4.83, 10.63, 13.98, 38.59, 11.95,  7.40,  4.44,  2.45,  1.52,  0.78,  0.19,  0.04,  0.00,  0.00
2013 38   0.00,  0.00,  0.00,  0.00,  0.19,  0.39,  0.82,  3.81,  8.76, 13.55, 39.39, 13.23,  9.42,  5.25,  2.72,  1.44,  0.74,  0.19,  0.08,  0.00,  0.00
2013 39   0.00,  0.00,  0.00,  0.00,  0.08,  0.23,  1.48,  4.90,  9.77, 15.18, 29.66, 16.47, 10.90,  5.99,  2.88,  1.75,  0.27,  0.27,  0.12,  0.04,  0.00
2013 40   0.00,  0.00,  0.00,  0.00,  0.12,  0.35,  2.38,  5.65, 11.41, 17.92, 21.11, 17.26, 11.76,  6.82,  3.31,  1.21,  0.31,  0.31,  0.04,  0.00,  0.04
2013 41   0.00,  0.00,  0.08,  0.00,  0.16,  1.25,  3.59, 10.50, 16.39, 20.49, 19.71, 13.23,  7.73,  4.18,  1.68,  0.74,  0.20,  0.04,  0.00,  0.00,  0.04
2013 42   0.04,  0.00,  0.00,  0.23,  0.74,  3.47,  9.48, 16.39, 20.06, 18.77, 13.66,  8.90,  4.64,  2.26,  1.05,  0.20,  0.04,  0.00,  0.00,  0.00,  0.04
2013 43   0.00,  0.00,  0.27,  0.74,  3.40,  9.78, 17.76, 20.57, 19.24, 12.75,  7.94,  4.26,  2.11,  0.82,  0.27,  0.04,  0.00,  0.00,  0.00,  0.00,  0.04
2013 44   0.00,  0.04,  0.71,  3.93, 11.54, 18.81, 22.89, 19.24, 11.50,  6.40,  3.26,  1.10,  0.43,  0.08,  0.04,  0.00,  0.00,  0.04,  0.00,  0.00,  0.00
2013 45   0.04,  0.23,  1.40,  4.36,  8.52, 14.99, 16.12, 16.12, 13.59,  9.54,  8.91,  4.20,  1.48,  0.31,  0.16,  0.00,  0.04,  0.00,  0.00,  0.00,  0.00
2013 46   0.04,  0.31,  1.44,  4.90,  8.52, 12.18, 16.47, 14.79, 12.85, 11.13, 11.13,  3.85,  1.52,  0.39,  0.31,  0.08,  0.04,  0.00,  0.00,  0.04,  0.00
2013 47   0.00,  0.43,  1.79,  4.90,  7.98, 11.09, 15.26, 14.87, 13.39, 12.22, 12.03,  3.39,  1.13,  0.74,  0.47,  0.16,  0.00,  0.08,  0.04,  0.00,  0.04
2013 48   0.00,  0.39,  1.17,  3.78,  6.42,  9.96, 13.20, 16.08, 15.49, 13.62, 12.38,  4.36,  1.99,  0.70,  0.19,  0.08,  0.12,  0.00,  0.00,  0.08,  0.00
2013 49   0.00,  0.23,  1.01,  3.19,  6.04,  9.85, 13.47, 16.28, 14.84, 12.07, 13.20,  5.22,  2.69,  1.05,  0.55,  0.27,  0.04,  0.00,  0.00,  0.00,  0.00
2013 50   0.00,  0.31,  1.25,  4.36,  6.58, 11.13, 15.03, 15.06, 13.66, 10.12, 11.68,  5.29,  3.23,  1.05,  0.93,  0.23,  0.08,  0.00,  0.00,  0.00,  0.00
2013 51   0.04,  0.16,  0.86,  2.84,  6.11,  9.73, 14.36, 14.75, 13.82, 13.31, 10.39,  6.81,  3.74,  1.67,  1.09,  0.19,  0.04,  0.04,  0.04,  0.00,  0.00
2013 52   0.04,  0.04,  0.35,  2.06,  4.48,  7.05, 11.56, 15.61, 14.71, 14.05, 13.43,  8.49,  4.55,  1.99,  1.13,  0.27,  0.12,  0.04,  0.04,  0.00,  0.00
2014 01   0.04,  0.00,  0.31,  1.48,  2.37,  4.55,  8.41, 12.88, 14.75, 16.08, 17.05, 11.17,  6.58,  2.57,  1.09,  0.31,  0.23,  0.12,  0.00,  0.00,  0.00
2014 02   0.00,  0.04,  0.27,  0.82,  1.87,  3.93,  7.98, 13.16, 16.93, 16.12, 16.27, 11.33,  6.50,  3.08,  0.93,  0.47,  0.16,  0.08,  0.08,  0.00,  0.00
2014 03   0.00,  0.00,  0.04,  0.47,  1.21,  3.31,  7.63, 13.20, 17.98, 16.23, 16.19, 11.05,  6.81,  3.66,  1.01,  0.78,  0.23,  0.12,  0.04,  0.04,  0.00
2014 04   0.00,  0.00,  0.00,  0.31,  1.25,  4.36,  9.11, 15.06, 16.08, 16.19, 15.22,  9.65,  6.46,  2.69,  1.87,  0.97,  0.47,  0.27,  0.00,  0.00,  0.04
2014 05   0.00,  0.00,  0.00,  0.31,  1.79,  5.64, 11.09, 16.04, 17.24, 16.85, 13.70,  9.15,  4.20,  2.02,  0.97,  0.74,  0.12,  0.08,  0.04,  0.00,  0.00
2014 06   0.00,  0.00,  0.08,  0.47,  3.11,  8.25, 13.90, 17.21, 19.00, 16.19, 11.17,  5.80,  3.00,  1.09,  0.43,  0.23,  0.08,  0.00,  0.00,  0.00,  0.00
2014 07   0.00,  0.00,  0.31,  1.32,  5.61, 10.39, 14.87, 18.76, 16.82, 14.44,  9.07,  5.22,  2.34,  0.51,  0.23,  0.04,  0.04,  0.04,  0.00,  0.00,  0.00
2014 08   0.00,  0.00,  0.35,  2.96,  6.50, 10.59, 15.30, 16.23, 17.79, 13.78, 10.04,  4.28,  1.60,  0.47,  0.04,  0.00,  0.00,  0.00,  0.08,  0.00,  0.00
2014 09   0.00,  0.04,  0.78,  3.78,  6.93, 10.51, 13.27, 14.17, 16.82, 14.48, 13.04,  4.90,  1.13,  0.04,  0.08,  0.00,  0.00,  0.00,  0.00,  0.04,  0.00
2014 10   0.00,  0.08,  1.63,  4.44,  7.63,  9.46, 11.56, 12.38, 15.34, 15.18, 16.78,  4.59,  0.78,  0.08,  0.04,  0.00,  0.00,  0.04,  0.00,  0.00,  0.00
2014 11   0.00,  0.12,  1.83,  5.53,  7.16,  8.95, 10.82, 11.83, 15.26, 15.10, 19.27,  3.58,  0.47,  0.08,  0.00,  0.00,  0.00,  0.00,  0.00,  0.00,  0.00
2014 12   0.00,  0.08,  1.87,  5.45,  6.34,  8.17, 10.59, 11.48, 15.14, 16.39, 22.11,  1.99,  0.39,  0.00,  0.00,  0.00,  0.00,  0.00,  0.00,  0.00,  0.00
2014 13   0.00,  0.04,  1.32,  4.55,  6.70,  7.01, 10.39, 10.78, 14.75, 16.89, 23.16,  3.66,  0.74,  0.00,  0.00,  0.00,  0.00,  0.00,  0.00,  0.00,  0.00
2014 14   0.00,  0.00,  1.25,  3.66,  6.62,  6.31,  9.50, 10.82, 14.95, 16.62, 21.95,  6.93,  1.17,  0.23,  0.00,  0.00,  0.00,  0.00,  0.00,  0.00,  0.00
2014 15   0.00,  0.04,  0.93,  3.08,  6.66,  7.08,  6.66, 10.08, 15.06, 16.74, 18.61, 10.90,  3.08,  0.97,  0.12,  0.00,  0.00,  0.00,  0.00,  0.00,  0.00
2014 16   0.00,  0.04,  0.62,  2.49,  5.76,  7.28,  6.19,  8.25, 12.77, 15.26, 16.66, 13.16,  7.20,  3.35,  0.78,  0.12,  0.04,  0.00,  0.00,  0.00,  0.04
2014 17   0.00,  0.08,  0.47,  1.63,  4.05,  6.23,  6.07,  6.97,  9.19, 10.86, 13.74, 14.25, 12.65,  7.63,  4.24,  1.60,  0.16,  0.12,  0.00,  0.00,  0.08
2014 18   0.00,  0.08,  0.19,  1.21,  2.92,  3.93,  5.37,  6.46,  7.40,  8.14, 10.90, 11.48, 13.00, 11.37,  8.76,  5.49,  2.57,  0.54,  0.16,  0.00,  0.04
2014 19   0.04,  0.04,  0.16,  0.93,  2.10,  3.39,  4.20,  6.15,  7.32,  7.86,  9.42, 10.47, 10.43, 11.52,  9.73,  7.43,  4.90,  2.84,  0.74,  0.19,  0.12
2014 20   0.00,  0.12,  0.19,  0.78,  1.95,  2.84,  3.85,  5.99,  6.70,  7.32,  8.72, 10.39, 10.94,  9.46,  9.58,  8.10,  5.99,  4.09,  2.02,  0.74,  0.23
2014 21   0.00,  0.16,  0.27,  0.62,  1.05,  1.75,  3.00,  4.71,  6.89,  6.62,  8.06, 10.12, 10.59, 10.90, 10.12,  8.26,  7.44,  4.98,  2.61,  1.48,  0.35
2014 22   0.00,  0.12,  0.08,  0.47,  0.54,  1.13,  2.14,  3.97,  4.44,  6.50,  8.29, 10.86, 10.51, 12.11, 11.41,  8.84,  7.90,  5.84,  3.23,  1.32,  0.31
2014 23   0.00,  0.08,  0.08,  0.35,  0.54,  0.78,  1.91,  3.58,  4.71,  5.96,  9.07, 10.39, 12.57, 11.79, 10.82,  9.85,  8.49,  5.22,  2.30,  1.28,  0.23
2014 24   0.00,  0.04,  0.12,  0.19,  0.70,  0.90,  1.40,  2.84,  5.02,  5.99,  8.72, 10.43, 11.72, 12.92, 10.86, 10.63,  9.07,  5.14,  2.37,  0.78,  0.16
2014 25   0.00,  0.04,  0.04,  0.23,  0.54,  0.93,  1.87,  2.37,  5.61,  6.46,  9.03,  9.81, 10.67, 11.95, 12.18, 10.78,  9.42,  5.49,  1.87,  0.54,  0.16
2014 26   0.00,  0.00,  0.08,  0.39,  0.47,  1.32,  2.22,  3.70,  5.65,  8.10,  8.92, 10.05,  9.93, 10.98, 11.57, 11.29,  8.84,  4.36,  1.75,  0.39,  0.00
2014 27   0.00,  0.00,  0.12,  0.39,  1.21,  1.48,  3.97,  5.06,  7.12,  9.54,  9.81,  9.81, 10.08, 11.09, 10.24, 10.39,  6.19,  2.61,  0.82,  0.08,  0.00
2014 28   0.04,  0.00,  0.39,  0.78,  1.83,  3.27,  5.41,  7.40,  8.95,  9.89, 10.20,  9.73, 11.25, 10.43,  8.10,  6.73,  3.93,  1.25,  0.43,  0.00,  0.00
2014 29   0.04,  0.35,  0.86,  1.91,  3.70,  6.11,  7.82,  9.93, 10.08,  9.23, 10.08, 10.39,  9.61,  7.79,  5.64,  3.97,  1.79,  0.58,  0.12,  0.00,  0.00
2014 30   0.16,  0.90,  2.22,  4.28,  6.97,  8.14,  9.93, 10.24, 10.39,  9.77,  9.58,  9.26,  6.73,  5.10,  3.15,  2.06,  0.74,  0.27,  0.08,  0.04,  0.00
2014 31   0.82,  2.57,  4.71,  7.86,  9.38, 10.63, 10.82, 10.00,  9.89,  8.25,  9.03,  5.84,  4.48,  2.65,  1.63,  0.93,  0.35,  0.16,  0.00,  0.00,  0.00
2014 32   2.76,  4.55,  8.14, 11.21, 11.33, 11.21, 11.02,  9.73,  7.98,  7.43,  5.76,  3.31,  2.49,  1.56,  0.70,  0.54,  0.23,  0.04,  0.00,  0.00,  0.00
2014 33   4.55,  7.28,  9.93, 10.98, 12.42, 11.13, 10.39,  9.34,  6.81,  5.84,  4.05,  2.88,  2.02,  1.40,  0.51,  0.27,  0.12,  0.08,  0.00,  0.00,  0.00
2014 34   5.80,  7.86, 10.90, 11.37, 11.83, 10.47, 10.20,  9.03,  6.81,  5.29,  3.78,  2.34,  2.26,  1.05,  0.43,  0.39,  0.12,  0.04,  0.04,  0.00,  0.00
2014 35   5.72,  8.49, 10.90, 10.78, 11.64, 11.83, 10.04,  8.80,  7.12,  5.22,  3.43,  2.45,  1.91,  0.74,  0.47,  0.27,  0.16,  0.00,  0.04,  0.00,  0.00
2014 36   7.32,  7.55, 10.78, 12.96, 12.11, 11.09,  9.85,  9.34,  7.55,  3.78,  3.31,  1.91,  1.21,  0.58,  0.39,  0.23,  0.04,  0.00,  0.00,  0.00,  0.00
2014 37   8.22,  8.92, 11.60, 13.51, 12.81, 11.64, 10.90,  8.41,  5.92,  3.12,  2.65,  1.17,  0.55,  0.19,  0.39,  0.00,  0.00,  0.00,  0.00,  0.00,  0.00
2014 38   6.66,  8.33, 11.83, 14.52, 13.94, 12.81, 10.98,  7.98,  5.96,  3.39,  1.91,  0.97,  0.39,  0.31,  0.04,  0.00,  0.00,  0.00,  0.00,  0.00,  0.00
2014 39   2.92,  6.58,  9.34, 14.09, 16.62, 14.87, 11.48, 10.08,  5.80,  4.20,  2.41,  0.90,  0.43,  0.19,  0.08,  0.00,  0.00,  0.00,  0.00,  0.00,  0.00
2014 40   0.86,  2.42,  6.27, 11.73, 15.93, 17.37, 15.62, 12.12,  7.79,  4.87,  2.80,  1.32,  0.58,  0.31,  0.00,  0.00,  0.00,  0.00,  0.00,  0.00,  0.00
2014 41   0.35,  0.94,  4.33,  9.06, 15.89, 18.77, 17.17, 14.29,  9.17,  4.57,  3.24,  1.52,  0.51,  0.16,  0.00,  0.04,  0.00,  0.00,  0.00,  0.00,  0.00
2014 42   0.08,  0.78,  2.85,  8.90, 16.35, 19.01, 18.93, 14.21, 10.07,  4.33,  3.01,  1.01,  0.27,  0.16,  0.00,  0.04,  0.00,  0.00,  0.00,  0.00,  0.00
2014 43   0.00,  0.47,  2.62,  8.68, 16.50, 20.81, 20.14, 15.13,  7.98,  4.69,  1.84,  0.82,  0.20,  0.08,  0.00,  0.00,  0.04,  0.00,  0.00,  0.00,  0.00
2014 44   0.00,  0.51,  3.22,  9.66, 21.08, 22.73, 19.95, 12.37,  5.54,  3.42,  1.02,  0.39,  0.04,  0.04,  0.00,  0.00,  0.04,  0.00,  0.00,  0.00,  0.00
2014 45   0.00,  0.31,  1.99,  6.62, 11.13, 15.22, 16.47, 17.01, 12.65,  8.91,  6.11,  2.53,  0.70,  0.19,  0.04,  0.04,  0.00,  0.04,  0.04,  0.00,  0.00
2014 46   0.04,  0.23,  1.36,  6.23, 10.24, 14.01, 16.00, 17.24, 13.04,  9.93,  7.01,  2.69,  1.01,  0.58,  0.16,  0.16,  0.00,  0.00,  0.08,  0.00,  0.00
2014 47   0.00,  0.12,  0.70,  3.46,  8.95, 12.42, 15.38, 16.43, 14.75, 10.86,  8.06,  3.93,  2.30,  1.13,  0.70,  0.43,  0.19,  0.12,  0.08,  0.00,  0.00
2014 48   0.00,  0.04,  0.54,  1.91,  7.51, 12.03, 14.67, 16.82, 14.21, 12.03,  8.91,  5.57,  2.61,  1.48,  0.47,  0.78,  0.31,  0.04,  0.08,  0.00,  0.00
2014 49   0.00,  0.00,  0.43,  2.30,  6.93, 11.76, 15.19, 16.16, 14.25, 12.11,  9.19,  5.69,  2.80,  1.83,  0.70,  0.51,  0.08,  0.04,  0.04,  0.00,  0.00
2014 50   0.00,  0.04,  0.43,  2.96,  6.73, 12.11, 14.09, 15.84, 14.32, 12.38,  8.64,  5.33,  3.43,  1.83,  1.17,  0.27,  0.27,  0.16,  0.00,  0.00,  0.00
2014 51   0.00,  0.04,  0.35,  1.75,  5.02, 10.00, 13.78, 15.57, 15.38, 12.88,  9.26,  7.36,  3.70,  2.61,  1.28,  0.51,  0.47,  0.00,  0.04,  0.00,  0.00
2014 52   0.00,  0.04,  0.27,  1.28,  3.04,  7.08, 12.11, 13.97, 16.31, 13.43, 11.41,  8.52,  6.15,  3.15,  1.91,  0.78,  0.39,  0.12,  0.00,  0.04,  0.00
2015 01   0.00,  0.04,  0.27,  0.90,  1.87,  4.44,  8.72, 12.53, 15.73, 16.00, 12.22, 10.16,  7.51,  5.18,  2.37,  1.48,  0.47,  0.08,  0.00,  0.04,  0.00
2015 02   0.00,  0.00,  0.27,  1.13,  1.87,  4.55,  8.72, 13.31, 16.39, 15.80, 15.06,  8.84,  6.73,  3.70,  2.30,  0.97,  0.19,  0.12,  0.04,  0.00,  0.00
2015 03   0.00,  0.00,  0.19,  0.70,  2.22,  5.37,  9.46, 15.45, 18.33, 16.27, 12.73,  8.25,  5.45,  2.76,  1.75,  0.70,  0.23,  0.12,  0.00,  0.00,  0.00
2015 04   0.00,  0.00,  0.08,  0.62,  1.87,  6.11, 10.63, 17.67, 17.94, 17.17, 12.57,  7.43,  4.05,  1.75,  1.28,  0.47,  0.16,  0.16,  0.04,  0.00,  0.00
2015 05   0.00,  0.00,  0.04,  0.54,  2.26,  5.92, 11.41, 16.78, 19.74, 18.22, 14.21,  6.81,  2.10,  1.25,  0.31,  0.23,  0.16,  0.00,  0.04,  0.00,  0.00
2015 06   0.00,  0.00,  0.16,  0.93,  3.43,  6.46, 12.34, 17.21, 20.09, 16.35, 15.96,  5.22,  1.21,  0.39,  0.08,  0.16,  0.04,  0.00,  0.00,  0.00,  0.00
2015 07   0.00,  0.08,  0.39,  2.02,  4.71,  8.64, 12.57, 16.82, 18.68, 15.45, 15.84,  4.05,  0.43,  0.27,  0.00,  0.00,  0.04,  0.00,  0.00,  0.00,  0.00
2015 08   0.00,  0.12,  0.70,  3.00,  5.92,  8.68, 13.16, 17.09, 17.83, 14.32, 16.50,  2.49,  0.19,  0.00,  0.00,  0.00,  0.00,  0.00,  0.00,  0.00,  0.00
2015 09   0.00,  0.04,  1.28,  3.97,  6.34,  9.54, 13.86, 16.31, 16.97, 13.94, 16.23,  1.36,  0.16,  0.00,  0.00,  0.00,  0.00,  0.00,  0.00,  0.00,  0.00
2015 10   0.00,  0.08,  1.48,  5.14,  7.20, 10.63, 13.55, 15.80, 16.04, 13.27, 14.79,  1.87,  0.16,  0.00,  0.00,  0.00,  0.00,  0.00,  0.00,  0.00,  0.00
2015 11   0.04,  0.12,  1.25,  5.37,  7.47, 10.00, 14.32, 15.18, 16.23, 13.86, 13.12,  2.61,  0.43,  0.00,  0.00,  0.00,  0.00,  0.00,  0.00,  0.00,  0.00
2015 12   0.04,  0.04,  1.21,  4.01,  7.12,  9.65, 12.65, 15.45, 16.74, 14.67, 12.69,  4.75,  0.93,  0.04,  0.00,  0.00,  0.00,  0.00,  0.00,  0.00,  0.00
2015 13   0.04,  0.12,  0.66,  4.01,  6.03,  8.21, 10.20, 15.38, 16.43, 16.31, 13.16,  7.16,  2.22,  0.08,  0.00,  0.00,  0.00,  0.00,  0.00,  0.00,  0.00
2015 14   0.04,  0.04,  0.54,  3.39,  5.96,  7.67, 10.20, 13.62, 16.47, 16.97, 12.96,  8.41,  3.46,  0.27,  0.00,  0.00,  0.00,  0.00,  0.00,  0.00,  0.00
2015 15   0.04,  0.08,  0.62,  2.96,  5.06,  8.17,  9.89, 12.11, 16.82, 17.05, 12.69,  8.60,  5.06,  0.86,  0.00,  0.00,  0.00,  0.00,  0.00,  0.00,  0.00
2015 16   0.12,  0.00,  0.58,  2.53,  5.02,  6.81, 10.20, 11.52, 14.56, 15.65, 13.94,  9.81,  6.85,  2.06,  0.35,  0.00,  0.00,  0.00,  0.00,  0.00,  0.00
2015 17   0.08,  0.04,  0.39,  2.37,  3.78,  6.54,  8.91,  9.46, 11.79, 12.61, 13.74, 12.50,  8.80,  5.68,  2.57,  0.66,  0.08,  0.00,  0.00,  0.00,  0.00
2015 18   0.08,  0.08,  0.39,  1.60,  2.84,  5.53,  7.24,  8.56,  8.88, 10.43, 11.21, 12.11, 11.64,  8.99,  5.37,  3.39,  1.32,  0.19,  0.12,  0.04,  0.00
2015 19   0.08,  0.04,  0.51,  1.17,  2.65,  4.55,  5.57,  6.89,  7.98,  8.25,  8.64, 10.47, 11.05,  9.65,  8.76,  6.34,  4.13,  2.22,  0.78,  0.19,  0.08
2015 20   0.12,  0.00,  0.51,  1.09,  2.96,  4.01,  5.41,  5.92,  7.12,  7.90,  9.03,  8.80,  9.58,  8.99,  9.19,  7.79,  4.59,  3.93,  2.26,  0.62,  0.19
2015 21   0.08,  0.12,  0.51,  1.21,  2.80,  4.36,  5.02,  6.31,  7.09,  9.93,  8.14,  9.93,  9.46,  9.03,  8.10,  7.52,  4.13,  3.43,  1.64,  0.97,  0.23
2015 22   0.12,  0.04,  0.35,  1.17,  1.91,  2.96,  4.48,  5.49,  7.63,  8.06,  8.84,  9.89, 11.29,  9.89,  9.34,  6.77,  5.92,  3.27,  1.52,  0.78,  0.31
2015 23   0.08,  0.12,  0.35,  0.82,  1.63,  2.45,  3.54,  5.41,  7.16,  8.33,  9.30, 10.59, 11.52, 11.41,  9.81,  7.01,  5.76,  2.69,  1.28,  0.54,  0.19
2015 24   0.04,  0.08,  0.23,  0.62,  0.86,  1.52,  3.08,  3.97,  5.61,  8.25, 10.43, 11.52, 12.26, 11.60, 11.52,  8.41,  5.18,  3.31,  1.13,  0.27,  0.12
2015 25   0.00,  0.00,  0.12,  0.27,  0.51,  0.97,  1.91,  2.49,  4.71,  6.27,  8.91, 12.11, 13.00, 13.94, 12.42,  9.81,  7.12,  3.85,  1.17,  0.43,  0.00
2015 26   0.00,  0.00,  0.00,  0.16,  0.51,  0.82,  1.29,  1.83,  3.54,  5.18,  7.98,  9.77, 11.95, 11.80, 13.75, 11.92, 11.14,  5.57,  2.49,  0.27,  0.04
2015 27   0.00,  0.00,  0.04,  0.23,  0.27,  1.36,  0.97,  1.87,  2.96,  4.87,  6.93,  7.59, 10.16, 10.63, 13.97, 13.78, 13.08,  7.98,  2.80,  0.43,  0.08
2015 28   0.00,  0.00,  0.16,  0.16,  0.47,  1.52,  1.75,  2.30,  3.50,  4.94,  5.57,  8.41,  7.79, 11.02, 12.85, 13.66, 14.60,  8.64,  2.45,  0.16,  0.08
2015 29   0.00,  0.04,  0.16,  0.31,  0.97,  1.71,  2.72,  2.72,  3.81,  4.05,  6.07,  7.79,  8.37,  9.77, 12.81, 14.83, 13.04,  8.41,  2.06,  0.23,  0.12
2015 30   0.04,  0.04,  0.39,  0.54,  1.52,  2.49,  2.53,  3.54,  3.89,  3.66,  5.76,  7.63,  9.03, 10.16, 12.57, 12.46, 13.27,  8.37,  1.63,  0.35,  0.12
2015 31   0.00,  0.23,  0.90,  1.13,  1.99,  3.31,  2.72,  3.23,  3.62,  5.14,  7.05,  7.63,  9.19, 11.33, 11.72, 11.99, 11.37,  5.96,  1.25,  0.16,  0.12
2015 32   0.23,  0.54,  1.63,  1.91,  3.04,  3.19,  3.11,  4.59,  5.37,  5.92,  7.12,  9.81,  9.54, 11.05, 10.67, 10.12,  8.49,  2.53,  0.86,  0.16,  0.12
2015 33   0.54,  1.25,  2.14,  3.08,  3.31,  3.78,  4.05,  6.31,  5.84,  7.63,  8.25, 10.51,  9.89,  9.89,  8.56,  7.67,  4.59,  1.79,  0.74,  0.12,  0.08
2015 34   1.01,  1.52,  3.27,  3.15,  3.81,  4.83,  6.27,  6.73,  8.02,  9.07,  9.65,  9.54,  8.84,  7.36,  7.28,  4.71,  2.61,  1.60,  0.62,  0.04,  0.08
2015 35   1.36,  2.37,  3.70,  4.44,  4.63,  6.85,  7.24,  9.73, 10.39,  9.93,  8.29,  8.17,  7.71,  5.41,  4.32,  2.72,  1.32,  0.70,  0.47,  0.19,  0.04
2015 36   2.53,  3.58,  5.22,  7.16,  9.30, 10.16, 12.50, 11.21, 10.24,  7.67,  6.66,  5.57,  3.93,  1.83,  1.28,  0.66,  0.23,  0.16,  0.08,  0.04,  0.00
2015 37   4.01,  4.63,  8.18, 11.02, 13.24, 13.79, 12.15, 10.32,  8.53,  5.02,  4.32,  2.69,  0.90,  0.62,  0.23,  0.16,  0.16,  0.00,  0.04,  0.00,  0.00
2015 38   4.79,  5.57,  9.93, 13.90, 16.43, 15.30, 11.56,  8.91,  5.96,  3.04,  2.53,  1.13,  0.47,  0.35,  0.12,  0.00,  0.00,  0.04,  0.00,  0.00,  0.00
2015 39   4.09,  5.99, 12.50, 15.49, 18.02, 15.22, 10.86,  8.06,  4.24,  2.88,  1.40,  0.74,  0.27,  0.16,  0.04,  0.00,  0.00,  0.04,  0.00,  0.00,  0.00
2015 40   1.25,  3.62,  8.92, 15.04, 18.39, 16.17, 13.79,  9.00,  5.92,  3.78,  2.22,  0.97,  0.55,  0.19,  0.08,  0.04,  0.04,  0.04,  0.00,  0.00,  0.00
2015 41   0.35,  1.33,  6.67, 14.44, 18.35, 18.81, 15.14,  9.91,  5.66,  4.76,  2.34,  1.25,  0.47,  0.31,  0.12,  0.04,  0.04,  0.00,  0.00,  0.00,  0.00
2015 42   0.16,  1.41,  6.91, 15.07, 22.01, 19.16, 15.07,  8.35,  5.78,  2.77,  1.83,  0.86,  0.35,  0.20,  0.04,  0.04,  0.00,  0.00,  0.00,  0.00,  0.00
2015 43   0.04,  1.21,  5.40, 14.24, 21.12, 20.06, 14.47, 10.64,  6.30,  3.01,  1.76,  1.13,  0.27,  0.31,  0.00,  0.00,  0.04,  0.00,  0.00,  0.00,  0.00
2015 44   0.04,  0.63,  7.73, 17.28, 21.52, 20.46, 13.94,  9.46,  4.95,  2.20,  0.82,  0.71,  0.20,  0.00,  0.04,  0.04,  0.00,  0.00,  0.00,  0.00,  0.00
2015 45   0.08,  0.51,  5.64, 11.79, 17.83, 18.37, 15.49, 10.90,  7.79,  5.18,  3.74,  1.60,  0.58,  0.35,  0.08,  0.04,  0.04,  0.00,  0.00,  0.00,  0.00
2015 46   0.04,  0.31,  4.71, 10.90, 17.01, 16.47, 14.79, 11.48,  8.91,  5.68,  4.28,  2.37,  1.52,  0.47,  0.58,  0.39,  0.08,  0.00,  0.00,  0.00,  0.00
2015 47   0.04,  0.47,  3.46, 10.35, 13.82, 16.58, 13.35, 12.85,  8.60,  6.27,  5.14,  3.31,  2.65,  1.52,  0.86,  0.51,  0.16,  0.08,  0.00,  0.00,  0.00
2015 48   0.08,  0.39,  3.58,  8.21, 13.78, 15.61, 15.03, 12.38,  9.38,  7.43,  5.76,  3.43,  2.18,  1.52,  1.05,  0.16,  0.04,  0.00,  0.00,  0.00,  0.00
2015 49   0.08,  0.39,  3.93,  7.71, 13.43, 15.54, 15.42, 13.67, 10.36,  6.93,  5.30,  4.01,  1.75,  0.78,  0.47,  0.19,  0.04,  0.00,  0.00,  0.00,  0.00
2015 50   0.04,  0.51,  4.28,  9.07, 11.91, 16.35, 15.03, 12.30, 10.74,  7.43,  5.41,  3.27,  1.83,  1.32,  0.19,  0.19,  0.12,  0.00,  0.00,  0.00,  0.00
2015 51   0.04,  0.19,  2.84,  6.46, 10.67, 12.46, 15.84, 13.66, 12.88,  8.72,  6.58,  4.24,  2.69,  1.48,  0.86,  0.23,  0.08,  0.08,  0.00,  0.00,  0.00
2015 52   0.00,  0.08,  1.09,  3.93,  7.24, 11.64, 13.94, 14.29, 13.82, 11.79,  8.56,  6.85,  3.35,  1.99,  0.86,  0.27,  0.19,  0.12,  0.00,  0.00,  0.00
2016 01   0.04,  0.00,  0.35,  1.67,  3.78,  6.97, 10.24, 13.74, 14.13, 14.67, 12.42,  9.03,  6.38,  3.62,  2.02,  0.43,  0.31,  0.16,  0.04,  0.00,  0.00
2016 02   0.00,  0.00,  0.16,  1.09,  2.69,  5.29,  8.80, 13.27, 14.79, 14.17, 14.56, 11.02,  6.89,  3.93,  2.22,  0.82,  0.19,  0.12,  0.00,  0.00,  0.00
2016 03   0.00,  0.00,  0.08,  0.74,  2.30,  5.45,  9.65, 13.78, 14.29, 15.65, 13.20,  9.77,  7.79,  4.09,  1.99,  1.01,  0.19,  0.04,  0.00,  0.00,  0.00
2016 04   0.04,  0.00,  0.19,  0.70,  2.49,  6.66, 11.99, 15.57, 13.86, 13.66, 12.46,  9.65,  6.19,  3.43,  1.83,  0.86,  0.31,  0.08,  0.04,  0.00,  0.00
2016 05   0.04,  0.00,  0.23,  1.17,  4.05,  8.60, 14.71, 15.45, 15.65, 16.12, 11.13,  7.08,  3.08,  1.40,  0.86,  0.35,  0.00,  0.08,  0.00,  0.00,  0.00
2016 06   0.04,  0.04,  0.27,  1.71,  6.58, 12.77, 17.87, 19.38, 17.67, 12.26,  7.40,  2.37,  0.93,  0.47,  0.08,  0.08,  0.04,  0.04,  0.00,  0.00,  0.00
2016 07   0.00,  0.00,  0.74,  3.04, 10.24, 17.21, 21.37, 20.01, 13.62,  7.79,  4.17,  1.17,  0.47,  0.08,  0.04,  0.00,  0.08,  0.00,  0.00,  0.00,  0.00
2016 08   0.00,  0.00,  0.86,  4.17, 12.81, 19.97, 23.01, 18.80, 11.83,  4.75,  2.61,  1.01,  0.08,  0.04,  0.04,  0.04,  0.00,  0.00,  0.00,  0.00,  0.00
2016 09   0.00,  0.04,  0.82,  4.32, 12.88, 22.62, 23.28, 19.42,  9.69,  3.89,  2.06,  0.78,  0.16,  0.00,  0.04,  0.00,  0.00,  0.00,  0.00,  0.00,  0.00
2016 10   0.00,  0.04,  0.58,  3.89, 14.17, 24.02, 23.55, 19.31,  8.41,  3.31,  1.67,  0.86,  0.16,  0.04,  0.00,  0.00,  0.00,  0.00,  0.00,  0.00,  0.00
2016 11   0.00,  0.04,  1.44,  6.42, 14.32, 18.22, 18.45, 16.78, 12.92,  6.70,  3.00,  1.40,  0.12,  0.19,  0.00,  0.00,  0.00,  0.00,  0.00,  0.00,  0.00
2016 12   0.00,  0.00,  1.21,  6.46, 12.46, 15.73, 18.06, 16.97, 13.90,  9.19,  4.17,  1.28,  0.35,  0.19,  0.04,  0.00,  0.00,  0.00,  0.00,  0.00,  0.00
2016 13   0.00,  0.12,  1.56,  6.11, 11.41, 13.82, 15.53, 16.35, 14.29, 11.76,  6.07,  2.02,  0.78,  0.19,  0.00,  0.00,  0.00,  0.00,  0.00,  0.00,  0.00
2016 14   0.04,  0.12,  1.60,  6.62, 10.04, 12.34, 14.25, 14.91, 15.38, 12.88,  7.40,  3.23,  0.97,  0.19,  0.04,  0.00,  0.00,  0.00,  0.00,  0.00,  0.00
2016 15   0.04,  0.08,  1.32,  6.03,  9.07, 10.90, 12.88, 13.90, 14.52, 13.27, 10.78,  5.14,  1.56,  0.43,  0.08,  0.00,  0.00,  0.00,  0.00,  0.00,  0.00
2016 16   0.00,  0.00,  0.90,  4.44,  7.63,  9.65, 11.02, 12.11, 12.73, 12.65, 13.23, 10.12,  4.13,  1.17,  0.23,  0.00,  0.00,  0.00,  0.00,  0.00,  0.00
2016 17   0.00,  0.00,  0.39,  2.30,  4.94,  6.93,  8.52,  8.95, 11.48, 10.28, 12.81, 12.69, 11.25,  5.88,  2.84,  0.70,  0.04,  0.00,  0.00,  0.00,  0.00
2016 18   0.00,  0.00,  0.04,  0.58,  2.34,  3.50,  5.29,  6.11,  9.11,  8.33,  9.42, 10.32, 13.20, 12.34,  9.65,  6.03,  2.92,  0.66,  0.12,  0.04,  0.00
2016 19   0.00,  0.00,  0.04,  0.27,  0.97,  1.56,  3.46,  4.09,  5.45,  7.47,  9.23,  8.80,  9.65, 11.44, 11.60, 10.63,  8.68,  4.01,  1.71,  0.82,  0.12
2016 20   0.00,  0.00,  0.12,  0.23,  0.86,  0.97,  1.71,  3.85,  4.40,  6.11,  7.55,  8.41,  8.49, 10.20, 11.37, 10.94, 10.63,  7.90,  3.66,  2.34,  0.27
2016 21   0.00,  0.00,  0.12,  0.31,  0.47,  0.74,  1.40,  2.26,  3.66,  4.71,  6.93,  6.78,  9.15,  9.58, 10.67, 11.37, 10.83, 10.32,  6.78,  2.92,  1.01
2016 22   0.00,  0.00,  0.00,  0.31,  0.19,  0.66,  1.28,  1.71,  2.69,  4.90,  5.10,  7.16,  7.75, 11.29, 11.21, 11.17, 12.69, 10.04,  7.59,  3.11,  1.13
2016 23   0.00,  0.00,  0.04,  0.16,  0.54,  0.70,  1.17,  1.87,  2.84,  3.81,  5.96,  6.66,  9.58, 10.55, 11.91, 12.88, 12.38,  9.50,  5.99,  2.92,  0.54
2016 24   0.00,  0.00,  0.04,  0.19,  0.62,  0.74,  1.13,  1.83,  2.49,  3.58,  4.59,  6.73,  9.85, 11.72, 13.12, 15.61, 11.99,  8.29,  5.25,  1.95,  0.27
2016 25   0.00,  0.00,  0.08,  0.08,  0.54,  0.78,  0.78,  1.25,  1.83,  3.19,  4.87,  8.02, 10.43, 12.50, 15.84, 14.56, 12.77,  8.17,  3.43,  0.62,  0.27
2016 26   0.00,  0.04,  0.00,  0.16,  0.31,  0.43,  1.01,  0.97,  2.26,  3.97,  5.96,  9.38, 10.44, 14.02, 13.67, 13.98, 12.42,  8.18,  2.26,  0.43,  0.12
2016 27   0.00,  0.04,  0.04,  0.12,  0.54,  0.62,  1.44,  2.30,  3.46,  5.76,  6.85,  9.11, 10.86, 13.08, 12.69, 15.10, 10.43,  5.68,  1.67,  0.16,  0.04
2016 28   0.00,  0.08,  0.08,  0.27,  0.62,  1.52,  2.26,  3.66,  4.24,  6.54,  8.06,  8.56, 10.47, 12.92, 13.16, 12.92,  8.56,  5.02,  0.90,  0.16,  0.00
2016 29   0.04,  0.04,  0.19,  0.66,  1.48,  2.57,  2.26,  4.40,  5.84,  7.32,  8.14,  9.42, 10.08, 12.50, 12.53, 10.59,  7.40,  3.81,  0.62,  0.12,  0.00
2016 30   0.08,  0.04,  0.62,  1.60,  2.10,  2.41,  3.70,  4.90,  6.62,  6.50,  7.75,  9.96,  9.96, 12.38, 10.55,  9.65,  6.97,  3.46,  0.62,  0.12,  0.00
2016 31   0.12,  0.66,  1.25,  2.02,  2.76,  3.54,  4.05,  5.33,  7.55,  7.32,  7.86,  9.46, 11.02, 11.29,  9.65,  8.60,  5.18,  1.87,  0.43,  0.04,  0.00
2016 32   0.51,  0.74,  1.99,  2.84,  3.31,  4.63,  4.87,  6.58,  7.90,  8.06,  8.33,  9.69, 10.74, 10.55,  9.15,  5.92,  3.00,  0.93,  0.27,  0.00,  0.00
2016 33   0.90,  1.44,  2.18,  3.15,  4.36,  5.02,  6.38,  6.73,  7.98,  9.69,  9.30,  9.50, 10.08,  9.23,  6.54,  4.63,  1.87,  0.62,  0.35,  0.00,  0.04
2016 34   1.13,  1.63,  3.08,  4.01,  5.10,  5.45,  7.82,  7.94,  8.84,  9.07,  9.34, 10.28,  8.88,  6.34,  5.68,  2.84,  1.44,  0.86,  0.16,  0.08,  0.04
2016 35   1.32,  2.06,  3.35,  4.52,  5.84,  6.89,  9.03,  8.80, 10.08,  9.77,  9.77,  8.41,  7.05,  4.87,  3.70,  2.45,  1.13,  0.51,  0.23,  0.23,  0.00
2016 36   2.02,  2.10,  4.28,  5.76,  7.01,  8.76, 11.21, 10.12, 10.28, 10.20,  8.21,  7.55,  4.71,  3.35,  2.49,  1.09,  0.43,  0.16,  0.08,  0.16,  0.04
2016 37   2.26,  2.84,  4.60,  5.88,  8.41, 10.51, 10.94, 12.07, 11.68,  9.70,  7.44,  5.53,  3.23,  2.69,  1.32,  0.51,  0.23,  0.04,  0.04,  0.04,  0.04
2016 38   1.17,  2.53,  2.84,  5.76,  8.64, 10.59, 13.39, 13.35, 12.11, 10.51,  6.97,  5.10,  3.35,  1.60,  1.17,  0.58,  0.16,  0.08,  0.12,  0.00,  0.00
2016 39   0.12,  0.70,  2.14,  3.97,  7.08,  9.85, 13.70, 14.83, 13.39, 10.63,  9.73,  5.57,  4.01,  1.99,  1.52,  0.54,  0.16,  0.04,  0.04,  0.00,  0.00
2016 40   0.08,  0.08,  0.39,  1.44,  3.93,  6.78, 12.78, 14.30, 15.82, 13.32, 11.80,  7.91,  4.99,  3.58,  1.68,  0.74,  0.23,  0.16,  0.00,  0.00,  0.00
2016 41   0.04,  0.00,  0.04,  0.62,  1.83,  5.50, 10.54, 15.50, 17.72, 16.24, 12.65,  9.48,  4.68,  3.20,  1.13,  0.47,  0.20,  0.08,  0.04,  0.00,  0.04
2016 42   0.00,  0.00,  0.08,  0.23,  1.37,  5.07,  9.80, 16.67, 19.75, 17.68, 12.69,  8.04,  4.88,  2.15,  0.94,  0.35,  0.20,  0.04,  0.04,  0.00,  0.04
2016 43   0.00,  0.00,  0.04,  0.12,  1.80,  5.83, 12.12, 20.18, 21.24, 16.03, 10.25,  6.18,  3.52,  1.56,  0.59,  0.23,  0.12,  0.08,  0.00,  0.04,  0.08
2016 44   0.00,  0.00,  0.00,  0.98,  4.48, 12.05, 21.52, 21.75, 16.37, 10.99,  5.81,  3.34,  1.30,  0.79,  0.35,  0.08,  0.04,  0.00,  0.12,  0.00,  0.04
2016 45   0.00,  0.00,  0.08,  0.70,  4.01,  9.26, 13.20, 16.35, 17.28, 12.30, 10.20,  7.08,  4.28,  2.41,  1.40,  0.78,  0.27,  0.19,  0.12,  0.04,  0.04
2016 46   0.00,  0.00,  0.04,  0.86,  4.09,  9.81, 12.42, 15.53, 16.00, 12.11, 10.20,  6.73,  4.63,  3.27,  1.99,  1.17,  0.51,  0.35,  0.16,  0.12,  0.04
2016 47   0.00,  0.00,  0.04,  0.62,  3.00,  8.33, 11.44, 13.94, 14.21, 14.75, 10.47,  7.55,  6.19,  4.17,  2.10,  1.60,  0.70,  0.51,  0.16,  0.16,  0.08
2016 48   0.00,  0.00,  0.04,  0.51,  2.18,  6.15, 10.74, 13.16, 13.90, 15.26, 13.43,  9.50,  6.62,  3.54,  2.34,  1.48,  0.70,  0.31,  0.08,  0.04,  0.04
2016 49   0.00,  0.00,  0.04,  0.31,  1.87,  5.84, 11.25, 12.73, 14.80, 15.23, 13.51, 10.48,  6.70,  3.58,  2.02,  0.97,  0.47,  0.16,  0.04,  0.00,  0.00
2016 50   0.00,  0.00,  0.04,  0.35,  1.99,  5.99, 11.41, 13.97, 15.45, 15.45, 12.03,  9.96,  6.27,  3.46,  1.71,  1.25,  0.39,  0.19,  0.08,  0.00,  0.00
2016 51   0.00,  0.00,  0.00,  0.19,  1.25,  4.36,  8.99, 14.17, 16.47, 16.15, 12.88, 10.12,  6.93,  4.44,  1.99,  1.40,  0.43,  0.12,  0.12,  0.00,  0.00
2016 52   0.00,  0.00,  0.00,  0.19,  0.90,  3.19,  6.73, 13.00, 14.67, 16.82, 15.41, 11.60,  8.68,  4.94,  2.14,  0.78,  0.66,  0.16,  0.12,  0.00,  0.00
2017 01   0.00,  0.00,  0.00,  0.19,  0.35,  2.34,  4.44, 10.32, 13.74, 17.36, 16.19, 13.55,  9.93,  5.76,  3.15,  1.60,  0.66,  0.31,  0.12,  0.00,  0.00
2017 02   0.00,  0.00,  0.00,  0.04,  0.47,  1.75,  4.90, 10.55, 15.92, 17.52, 16.50, 13.00,  9.26,  5.06,  2.34,  1.83,  0.70,  0.16,  0.00,  0.00,  0.00
2017 03   0.00,  0.00,  0.00,  0.08,  0.43,  1.63,  4.87, 12.96, 15.88, 16.93, 15.61, 13.20,  8.25,  5.76,  2.45,  1.36,  0.47,  0.08,  0.04,  0.00,  0.00
2017 04   0.00,  0.00,  0.00,  0.00,  0.51,  3.15,  7.75, 14.29, 17.98, 15.84, 12.53,  9.73,  7.24,  6.58,  2.72,  1.32,  0.31,  0.04,  0.00,  0.00,  0.00
2017 05   0.00,  0.00,  0.00,  0.04,  0.35,  3.70,  9.73, 16.54, 19.70, 15.96, 11.87,  8.88,  6.62,  3.97,  1.83,  0.58,  0.19,  0.04,  0.00,  0.00,  0.00
2017 06   0.00,  0.00,  0.00,  0.04,  0.58,  4.79, 12.81, 20.01, 20.16, 15.61, 12.03,  6.38,  3.89,  2.10,  1.25,  0.27,  0.00,  0.08,  0.00,  0.00,  0.00
2017 07   0.00,  0.00,  0.00,  0.04,  2.06,  8.17, 17.24, 22.07, 19.70, 13.43,  8.14,  4.48,  2.22,  1.60,  0.54,  0.16,  0.16,  0.00,  0.00,  0.00,  0.00
2017 08   0.00,  0.00,  0.00,  0.66,  4.79, 12.81, 20.09, 24.13, 16.62, 10.55,  5.10,  2.88,  1.17,  0.70,  0.39,  0.12,  0.00,  0.00,  0.00,  0.00,  0.00
2017 09   0.00,  0.04,  0.16,  2.80,  9.30, 16.47, 21.06, 21.10, 14.21,  7.79,  3.58,  2.49,  0.74,  0.19,  0.04,  0.04,  0.00,  0.00,  0.00,  0.00,  0.00
2017 10   0.00,  0.04,  0.39,  5.14, 13.35, 17.24, 20.47, 17.44, 11.79,  7.40,  3.70,  2.30,  0.66,  0.08,  0.00,  0.00,  0.00,  0.00,  0.00,  0.00,  0.00
2017 11   0.04,  0.16,  1.67,  8.14, 13.00, 15.92, 17.01, 16.04, 12.50,  8.21,  4.44,  2.22,  0.58,  0.08,  0.00,  0.00,  0.00,  0.00,  0.00,  0.00,  0.00
2017 12   0.04,  0.27,  3.19,  8.49, 11.13, 14.29, 16.04, 14.95, 12.77,  9.54,  5.88,  2.65,  0.74,  0.04,  0.00,  0.00,  0.00,  0.00,  0.00,  0.00,  0.00
2017 13   0.00,  0.39,  3.19,  8.45, 10.39, 11.76, 14.52, 13.66, 13.82, 10.94,  8.33,  3.35,  1.09,  0.12,  0.00,  0.00,  0.00,  0.00,  0.00,  0.00,  0.00
2017 14   0.00,  0.27,  2.49,  8.37,  9.61, 10.82, 12.81, 13.23, 14.67, 11.64,  9.61,  4.79,  1.56,  0.12,  0.00,  0.00,  0.00,  0.00,  0.00,  0.00,  0.00
2017 15   0.00,  0.31,  2.37,  8.14,  8.56, 10.94, 10.74, 12.73, 14.01, 13.39, 10.24,  5.57,  2.37,  0.58,  0.04,  0.00,  0.00,  0.00,  0.00,  0.00,  0.00
2017 16   0.04,  0.27,  2.41,  7.08,  8.76,  9.30, 10.28, 12.03, 12.85, 13.08, 11.83,  6.66,  3.78,  1.25,  0.35,  0.04,  0.00,  0.00,  0.00,  0.00,  0.00
2017 17   0.08,  0.35,  2.14,  5.92,  7.63,  8.29,  8.37,  9.73, 10.70, 10.98, 11.91, 10.12,  6.62,  4.71,  1.44,  0.66,  0.27,  0.08,  0.00,  0.00,  0.00
2017 18   0.12,  0.43,  2.10,  5.18,  5.84,  7.12,  7.59,  7.20,  8.37,  9.69,  9.61,  9.89,  9.46,  6.66,  5.76,  2.76,  1.25,  0.51,  0.27,  0.16,  0.04
2017 19   0.27,  0.66,  2.41,  5.45,  5.45,  5.96,  6.50,  6.54,  6.77,  7.47,  8.64,  9.07,  9.23,  7.24,  6.50,  5.02,  3.15,  1.83,  0.86,  0.54,  0.43
2017 20   0.66,  1.32,  2.30,  5.61,  5.02,  5.72,  4.98,  6.58,  6.27,  6.42,  7.79,  8.10,  8.29,  7.24,  6.66,  6.11,  4.40,  2.34,  2.02,  1.13,  1.05
2017 21   0.93,  1.64,  2.18,  4.05,  4.91,  4.91,  5.30,  5.49,  4.95,  6.31,  7.24,  7.90,  7.40,  8.26,  6.93,  6.27,  5.06,  3.47,  3.00,  2.02,  1.79
2017 22   1.05,  1.21,  1.75,  2.49,  3.04,  3.97,  5.18,  5.45,  5.33,  5.64,  6.77,  7.01,  8.88,  8.33,  7.28,  7.71,  5.61,  4.67,  4.13,  2.22,  2.30
2017 23   1.21,  0.93,  2.18,  2.61,  2.65,  3.54,  3.85,  5.41,  5.96,  6.97,  7.32,  9.07, 10.12,  8.02,  7.24,  6.19,  6.50,  3.93,  2.80,  1.87,  1.63
2017 24   0.90,  0.82,  1.75,  1.99,  2.37,  3.58,  4.32,  5.53,  6.85,  8.56,  9.96, 10.24, 10.08,  9.11,  7.05,  6.66,  4.44,  3.00,  1.71,  0.70,  0.39
2017 25   0.39,  0.27,  0.78,  1.32,  1.40,  2.61,  3.74,  4.52,  7.32,  7.67, 11.13, 13.23, 11.21, 11.60,  8.88,  6.23,  3.70,  2.53,  0.82,  0.51,  0.16
2017 26   0.16,  0.27,  0.39,  0.86,  0.90,  1.91,  2.69,  4.48,  6.89,  9.00, 10.90, 12.46, 13.24, 10.63, 10.75,  6.07,  4.24,  2.69,  1.05,  0.31,  0.12
2017 27   0.27,  0.16,  0.16,  0.51,  1.36,  2.10,  3.08,  5.33,  6.31,  8.29, 11.60, 12.11, 13.39, 11.52,  9.34,  7.32,  4.36,  1.79,  0.78,  0.23,  0.00
2017 28   0.16,  0.19,  0.35,  0.66,  1.13,  3.27,  4.05,  4.63,  6.46,  7.32, 10.74, 12.96, 12.46, 11.68,  9.15,  7.75,  4.36,  1.79,  0.70,  0.19,  0.00
2017 29   0.31,  0.35,  0.66,  1.32,  2.88,  3.27,  4.17,  5.25,  6.46,  8.64,  9.81, 11.68, 11.95, 10.90,  8.80,  7.16,  3.74,  1.67,  0.74,  0.23,  0.00
2017 30   0.62,  0.93,  1.91,  2.26,  3.39,  3.78,  4.87,  6.34,  8.14,  7.86,  9.65, 11.87, 11.76,  9.15,  7.20,  5.22,  3.19,  1.13,  0.58,  0.04,  0.12
2017 31   1.83,  2.26,  2.76,  3.39,  4.59,  5.18,  6.42,  8.17,  7.47,  9.93, 11.25,  9.73,  9.26,  6.50,  4.98,  3.35,  1.91,  0.74,  0.12,  0.16,  0.00
2017 32   3.78,  2.96,  4.05,  4.94,  6.11,  6.77,  8.64,  8.29,  9.93, 10.12,  8.06,  8.95,  6.03,  4.55,  3.35,  1.91,  0.90,  0.54,  0.04,  0.08,  0.00
2017 33   5.22,  3.97,  4.71,  6.34,  7.79,  7.12,  9.19,  9.65,  9.15,  9.81,  6.85,  7.01,  4.67,  3.62,  2.45,  1.17,  0.70,  0.31,  0.12,  0.08,  0.08
2017 34   5.88,  5.18,  6.58,  7.75,  8.45,  8.02, 10.08,  9.77,  9.85,  7.40,  6.23,  5.61,  2.84,  3.00,  1.48,  0.78,  0.54,  0.31,  0.08,  0.08,  0.12
2017 35   6.93,  5.80,  7.79,  9.03,  9.03, 10.47, 10.78,  9.93,  8.49,  6.03,  5.29,  3.31,  2.57,  2.26,  1.05,  0.74,  0.23,  0.12,  0.04,  0.08,  0.04
2017 36   7.28,  6.77,  9.58,  9.38, 11.41, 12.38, 10.86,  8.84,  7.12,  4.83,  4.40,  2.84,  1.79,  1.60,  0.35,  0.23,  0.23,  0.04,  0.00,  0.08,  0.00
2017 37   6.11,  6.23,  8.18,  9.77, 12.54, 13.12, 11.14,  9.74,  7.63,  5.30,  3.70,  2.53,  2.02,  0.82,  0.47,  0.39,  0.12,  0.16,  0.04,  0.00,  0.00
2017 38   3.23,  3.81,  6.73, 10.28, 11.17, 14.09, 13.86, 10.43,  9.03,  6.03,  4.52,  2.96,  1.63,  0.97,  0.51,  0.39,  0.16,  0.12,  0.08,  0.00,  0.00
2017 39   1.52,  2.14,  5.49,  7.59, 12.11, 13.66, 14.21, 13.35, 10.67,  6.70,  4.83,  3.78,  1.36,  1.21,  0.82,  0.27,  0.19,  0.08,  0.00,  0.00,  0.04
2017 40   0.27,  1.01,  2.26,  5.10,  9.51, 13.71, 15.31, 13.91, 13.36,  9.19,  7.13,  3.12,  2.57,  1.79,  1.05,  0.35,  0.23,  0.04,  0.04,  0.00,  0.04
2017 41   0.00,  0.23,  0.74,  2.26,  5.50,  9.41, 14.21, 16.63, 14.99, 12.45,  9.13,  6.52,  3.98,  2.22,  1.13,  0.35,  0.12,  0.08,  0.00,  0.00,  0.04
2017 42   0.00,  0.04,  0.16,  0.94,  2.26,  5.46,  9.84, 15.14, 17.02, 14.99, 13.51,  9.88,  6.67,  3.01,  0.74,  0.23,  0.08,  0.00,  0.00,  0.00,  0.04
2017 43   0.00,  0.00,  0.00,  0.16,  1.10,  3.40,  8.13, 14.08, 16.23, 16.70, 15.80, 12.71,  8.29,  2.54,  0.47,  0.27,  0.08,  0.00,  0.04,  0.00,  0.00
2017 44   0.00,  0.00,  0.00,  0.51,  2.55,  8.76, 18.10, 19.08, 17.35, 12.84,  8.99,  7.38,  3.02,  1.06,  0.12,  0.20,  0.04,  0.00,  0.00,  0.00,  0.00
2017 45   0.00,  0.00,  0.08,  0.31,  1.52,  6.66, 12.73, 18.30, 17.75, 12.65, 11.76,  8.45,  5.29,  2.96,  0.90,  0.43,  0.19,  0.04,  0.00,  0.00,  0.00
2017 46   0.00,  0.00,  0.08,  0.54,  2.06,  7.79, 12.77, 17.24, 14.75, 13.00,  9.03,  9.46,  6.54,  4.13,  1.63,  0.43,  0.39,  0.16,  0.00,  0.00,  0.00
2017 47   0.00,  0.04,  0.27,  0.90,  3.39,  7.51, 11.72, 15.65, 14.29, 11.91,  9.23,  9.54,  7.16,  4.79,  2.06,  0.93,  0.31,  0.27,  0.04,  0.00,  0.00
2017 48   0.00,  0.00,  0.47,  1.60,  4.90,  8.25, 12.46, 13.51, 14.44, 10.90,  9.69,  8.91,  6.62,  4.52,  2.37,  0.86,  0.35,  0.12,  0.04,  0.00,  0.00
2017 49   0.00,  0.08,  0.90,  3.08,  5.69, 10.51, 12.27, 13.16, 11.99, 11.72, 10.24,  7.55,  6.15,  3.27,  1.95,  0.97,  0.43,  0.04,  0.00,  0.00,  0.00
2017 50   0.00,  0.27,  1.36,  3.93,  6.97, 10.32, 13.04, 12.92, 12.30, 11.56,  8.76,  7.47,  5.29,  2.88,  1.99,  0.70,  0.16,  0.04,  0.04,  0.00,  0.00
2017 51   0.00,  0.16,  1.05,  3.08,  5.33,  8.68, 11.05, 13.47, 13.55, 12.18, 10.98,  7.32,  5.76,  4.40,  1.75,  0.62,  0.54,  0.08,  0.00,  0.00,  0.00
2017 52   0.00,  0.08,  0.78,  1.56,  4.09,  6.23,  9.96, 11.60, 14.01, 14.09, 12.96,  9.15,  6.58,  4.44,  2.76,  1.17,  0.19,  0.35,  0.00,  0.00,  0.00
2018 01   0.04,  0.04,  0.23,  0.62,  2.57,  4.83,  7.55, 11.41, 14.40, 14.52, 14.99, 10.59,  7.32,  5.33,  3.11,  1.17,  0.86,  0.27,  0.08,  0.08,  0.00
2018 02   0.04,  0.04,  0.16,  0.47,  2.45,  3.78,  7.90, 11.99, 15.06, 18.26, 13.78, 10.35,  7.28,  4.17,  2.34,  1.13,  0.66,  0.12,  0.04,  0.00,  0.00
2018 03   0.00,  0.00,  0.04,  0.54,  1.52,  3.85,  8.10, 13.04, 16.66, 16.43, 14.83, 10.08,  6.38,  3.93,  2.65,  1.21,  0.47,  0.19,  0.08,  0.00,  0.00
2018 04   0.00,  0.00,  0.00,  0.19,  1.32,  3.78,  8.29, 15.53, 17.44, 14.95, 13.27,  9.54,  6.15,  4.13,  2.72,  1.79,  0.54,  0.27,  0.08,  0.00,  0.00
2018 05   0.00,  0.00,  0.04,  0.16,  0.74,  3.31,  8.80, 14.64, 18.06, 17.36, 12.92,  9.96,  6.27,  3.85,  1.99,  1.32,  0.39,  0.16,  0.04,  0.00,  0.00
2018 06   0.00,  0.00,  0.00,  0.00,  0.70,  2.88,  8.52, 15.49, 19.89, 17.94, 14.13,  9.81,  5.37,  2.96,  1.40,  0.54,  0.16,  0.16,  0.00,  0.04,  0.00
2018 07   0.00,  0.00,  0.00,  0.08,  0.43,  2.37,  7.59, 15.06, 20.47, 18.65, 14.01,  9.46,  6.15,  2.96,  1.87,  0.35,  0.35,  0.16,  0.00,  0.00,  0.04
2018 08   0.00,  0.00,  0.00,  0.04,  0.16,  1.67,  6.58, 13.82, 20.09, 19.35, 14.87, 10.43,  6.42,  4.20,  1.48,  0.51,  0.19,  0.12,  0.04,  0.00,  0.04
2018 09   0.00,  0.00,  0.00,  0.00,  0.04,  0.93,  5.53, 12.30, 18.76, 19.62, 16.89, 11.79,  7.24,  4.28,  1.83,  0.43,  0.16,  0.16,  0.04,  0.00,  0.00
</pre></tt>